MONTH,DAY,YEAR,TIME,STATION,WIND_DIR,WIND_DIR_CHANGE,WIND_SPEED,WIND_SPEED_CHANGE,WIND_CHAR,WIND_CHAR_SPEED,VISIBILITY_SM,SKY_CON_1_DESC,SKY_CON_1_FT,SKY_CON_2_DESC,SKY_CON_2_FT,SKY_CON_3_DESC,SKY_CON_3_FT,TEMPERATURE_C,TEMP_C_CHANGE,DEW_PT_C,ALTIMETER,PK_WIND_DIR,PK_WIND_KT,TSTORM,CLOUD_TYPE,SL_PRESSURE,FALLING_RAPID,RISING_RAPID,RAIN,HAIL,WINDSHIFT,TORNADO
5,24,2011,17:30,KDFW,160,0,23,5,G,29,10,FEW,65,SCT,150,BKN,250,30,0,21,2951,150,29,1,CB,,0,0,0,0,0,0
5,24,2011,17:40,KDFW,160,0,15,-8,G,27,10,FEW,65,SCT,150,BKN,250,31,1,21,2951,150,29,1,CB,,0,0,0,0,0,0
5,24,2011,17:50,KDFW,160,0,19,4,G,26,10,FEW,95,SCT,150,BKN,250,31,0,21,2949,150,29,1,CB,978,0,0,0,0,0,0
5,24,2011,18:00,KDFW,170,10,23,4,G,28,10,FEW,95,SCT,150,BKN,250,31,0,21,2948,170,28,1,CB,,1,0,0,0,0,0
5,24,2011,18:10,KDFW,170,0,23,0,G,34,10,FEW,95,SCT,150,BKN,250,31,0,20,2949,170,34,0,LN CB,,0,0,0,0,0,0
5,24,2011,18:20,KDFW,170,0,19,-4,G,32,10,FEW,95,SCT,150,BKN,250,31,0,20,2947,170,34,1,CB,,0,0,0,0,0,0
5,24,2011,18:30,KDFW,170,0,25,6,G,32,10,FEW,95,SCT,150,BKN,250,31,0,20,2947,170,34,1,LN CB,,0,0,0,0,0,0
5,24,2011,18:40,KDFW,160,-10,23,-2,G,32,10,FEW,95,SCT,150,BKN,250,31,0,20,2946,170,34,1,LN CB,,0,0,0,0,0,0
5,24,2011,18:50,KDFW,170,10,16,-7,G,30,10,FEW,95,SCT,150,BKN,250,31,0,20,2947,170,34,1,LN CB,970,0,0,0,0,0,0
5,24,2011,19:00,KDFW,160,-10,24,8,G,31,10,FEW,70,SCT,150,BKN,250,31,0,19,2948,150,32,1,LN CB,,0,0,0,0,0,0
5,24,2011,19:10,KDFW,130,-30,17,-7,G,32,10,FEW,70,SCT,150,BKN,250,29,-2,21,2949,160,32,1,LN CB,,0,0,1,0,0,0
5,24,2011,19:20,KDFW,50,-80,20,3,G,27,0.5,OVC,50,,,,,26,-3,21,2952,160,32,1,CB,,0,1,1,1,1,0
5,24,2011,19:30,KDFW,70,20,22,2,G,27,0.5,FEW,7,OVC,30,,,24,-2,21,2955,160,32,1,,,0,0,1,1,1,0
5,24,2011,19:40,KDFW,130,60,16,-6,G,29,0.5,FEW,7,BKN,23,OVC,60,24,0,22,2956,160,32,1,CB,,0,0,1,1,1,0
5,24,2011,19:50,KDFW,160,30,14,-2,,0,0.5,BKN,14,BKN,34,OVC,60,25,1,22,2960,160,32,1,CB,,0,0,1,1,1,0
5,24,2011,20:00,KDFW,120,-40,12,-2,G,20,0.5,BKN,14,BKN,34,OVC,60,24,-1,22,2957,,,1,CB,,0,0,1,0,0,0
5,24,2011,20:10,KDFW,170,50,17,5,G,24,5,BKN,30,BKN,49,OVC,60,25,1,22,2956,,,1,CB,,0,0,1,0,1,0
5,24,2011,20:20,KDFW,150,-20,15,-2,G,31,10,BKN,21,BKN,34,OVC,49,24,-1,21,2953,160,31,1,CB,,0,0,1,0,1,0
5,24,2011,20:30,KDFW,160,10,17,2,G,25,10,BKN,21,BKN,34,OVC,49,23,-1,21,2951,160,31,1,CB,,1,0,1,0,1,0
5,24,2011,20:40,KDFW,160,0,19,2,G,25,10,FEW,34,SCT,50,BKN,70,24,1,21,2945,160,31,1,CB,,1,0,1,0,1,0
5,24,2011,20:50,KDFW,160,0,16,-3,G,34,10,FEW,34,SCT,50,BKN,70,24,0,21,2950,160,31,1,LN CB,,0,0,1,0,1,0
5,24,2011,21:00,KDFW,160,0,11,-5,,0,10,FEW,50,SCT,70,OVC,150,25,1,21,2954,,,1,LN CB,,0,1,1,0,0,0
5,24,2011,21:10,KDFW,-1,0,5,-6,,0,10,FEW,60,OVC,150,,,26,1,21,2958,,,1,LN CB,,0,0,1,0,0,0
5,24,2011,21:20,KDFW,330,170,32,27,G,37,2,BKN,50,BKN,65,OVC,95,24,-2,22,2964,340,37,1,LN CB,,0,0,1,0,1,0
5,24,2011,21:30,KDFW,90,120,11,-21,G,36,2,FEW,1,BKN,9,BKN,50,23,-1,23,2963,340,37,1,LN CB,,0,0,1,0,1,0
5,24,2011,21:40,KDFW,-1,0,5,-6,G,18,4,SCT,5,BKN,5,BKN,120,23,0,22,2963,340,37,1,LN CB,,0,0,1,0,1,0
5,24,2011,21:50,KDFW,140,50,11,6,G,15,10,SCT,3,BKN,70,BKN,90,23,0,21,2965,340,37,1,LN CB,33,0,0,1,0,1,0
5,24,2011,17:30,KDTO,170,10,21,-3,G,28,10,CLR,,,,,,29,0,21,2950,160,32,0,,,0,0,0,0,0,0
5,24,2011,17:40,KDTO,180,10,15,-6,G,23,10,CLR,,,,,,29,0,21,2950,160,32,0,,,0,0,0,0,0,0
5,24,2011,17:50,KDTO,170,-10,20,5,G,28,10,CLR,,,,,,29,0,21,2949,160,32,0,,977,0,0,0,0,0,0
5,24,2011,18:00,KDTO,160,-10,21,1,G,29,10,CLR,,,,,,29,0,21,2945,160,29,0,,,1,0,0,0,0,0
5,24,2011,18:10,KDTO,170,10,19,-2,G,27,10,CLR,,,,,,29,0,21,2947,160,29,0,,,0,0,0,0,0,0
5,24,2011,18:20,KDTO,170,0,19,0,G,25,10,CLR,,,,,,28,-1,21,2947,160,29,0,,,0,0,0,0,0,0
5,24,2011,18:30,KDTO,180,10,16,-3,G,23,6,SCT,31,,,,,27,-1,22,2950,160,29,0,,,0,1,1,0,0,0
5,24,2011,18:40,KDTO,140,-40,8,-8,,0,4,BKN,28,,,,,26,-1,22,2949,160,29,0,,,0,0,1,0,0,1
5,24,2011,18:50,KDTO,350,-150,12,4,,0,4,OVC,28,,,,,26,0,23,2955,160,29,0,,998,0,1,1,0,0,1
5,24,2011,19:00,KDTO,40,50,8,-4,SQ,42,0.75,BKN,21,OVC,55,,,24,-2,17,2955,360,42,0,,,0,0,1,0,0,1
5,24,2011,19:10,KDTO,140,100,14,6,G,19,10,SCT,21,BKN,42,BKN,55,26,2,21,2953,360,42,0,,,0,0,1,0,0,0
5,24,2011,19:20,KDTO,150,10,15,1,G,19,10,FEW,10,SCT,50,,,26,0,21,2953,360,42,0,,,0,0,1,0,1,0
5,24,2011,19:30,KDTO,160,10,13,-2,G,22,10,FEW,42,,,,,26,0,22,2952,360,42,0,,,0,0,1,0,1,0
5,24,2011,19:40,KDTO,170,10,19,6,G,29,10,CLR,,,,,,25,-1,22,2953,360,42,0,,,0,0,1,0,1,0
5,24,2011,19:50,KDTO,160,-10,19,0,G,29,10,FEW,75,,,,,24,-1,21,2952,360,42,0,,988,0,0,1,0,1,0
5,24,2011,20:00,KDTO,150,-10,19,0,G,26,10,CLR,,,,,,24,0,22,2953,150,26,0,,,0,0,0,0,0,0
5,24,2011,20:10,KDTO,150,0,16,-3,G,23,10,FEW,85,,,,,23,-1,21,2951,150,26,0,,,0,0,0,0,0,0
5,24,2011,20:20,KDTO,150,0,21,5,G,25,10,FEW,85,,,,,23,0,21,2946,150,26,0,,,1,0,0,0,0,0
5,24,2011,20:30,KDTO,230,80,8,-13,G,24,9,FEW,28,SCT,85,,,24,1,22,2952,150,26,0,,,0,0,1,0,0,0
5,24,2011,20:40,KDTO,190,-40,12,4,SQ,42,6,SCT,21,BKN,50,BKN,85,24,0,22,2955,290,43,0,,,0,1,1,0,0,0
5,24,2011,20:50,KDTO,160,-30,15,3,G,28,10,FEW,21,SCT,50,,,24,0,22,2958,290,43,0,,,0,0,1,0,1,0
5,24,2011,21:00,KDTO,170,10,14,-1,G,34,10,FEW,19,SCT,75,,,24,0,22,2959,150,34,0,,,0,0,1,0,1,0
5,24,2011,21:10,KDTO,200,30,10,-4,G,14,10,SCT,70,,,,,24,0,22,2958,150,34,0,,,0,0,1,0,1,0
5,24,2011,21:20,KDTO,180,-20,7,-3,,0,10,FEW,70,,,,,24,0,21,2958,150,34,0,,,0,0,1,0,1,0
5,24,2011,21:30,KDTO,170,-10,13,6,,0,10,FEW,70,,,,,24,0,21,2958,150,34,0,,,0,0,1,0,1,0
5,24,2011,21:40,KDTO,160,-10,14,1,,0,10,CLR,,,,,,23,-1,21,2959,150,34,0,,,0,0,1,0,1,0
5,24,2011,21:50,KDTO,150,-10,11,-3,G,19,10,CLR,,,,,,23,0,22,2959,150,34,0,,12,0,0,1,0,1,0
5,24,2011,17:30,KTKI,160,0,18,4,G,22,10,CLR,,,,,,28,0,21,2954,,,0,,,0,0,0,0,0,0
5,24,2011,17:40,KTKI,160,0,20,2,G,29,10,CLR,,,,,,28,0,21,2951,160,29,0,,,0,0,0,0,0,0
5,24,2011,17:50,KTKI,160,0,16,-4,G,26,10,CLR,,,,,,28,0,21,2952,160,29,0,,991,0,0,0,0,0,0
5,24,2011,18:00,KTKI,160,0,16,0,G,24,10,CLR,,,,,,28,0,21,2950,,,0,,,0,0,0,0,0,0
5,24,2011,18:10,KTKI,160,0,19,3,G,25,10,CLR,,,,,,28,0,20,2948,,,0,,,1,0,0,0,0,0
5,24,2011,18:20,KTKI,170,10,26,7,G,33,10,CLR,,,,,,28,0,20,2947,160,33,0,,,0,0,0,0,0,0
5,24,2011,18:30,KTKI,170,0,25,-1,G,34,10,CLR,,,,,,28,0,19,2946,170,34,0,,,0,0,0,0,0,0
5,24,2011,18:40,KTKI,170,0,22,-3,G,32,10,CLR,,,,,,29,1,19,2949,170,34,0,,,0,1,0,0,0,0
5,24,2011,18:50,KTKI,180,10,18,-4,G,28,10,CLR,,,,,,29,0,19,2951,170,34,0,,989,0,0,0,0,0,0
5,24,2011,19:00,KTKI,180,0,23,5,G,29,10,CLR,,,,,,29,0,19,2952,180,29,0,,,0,0,0,0,0,0
5,24,2011,19:10,KTKI,180,0,15,-8,G,28,10,CLR,,,,,,28,-1,19,2954,180,29,0,,,0,1,0,0,0,0
5,24,2011,19:20,KTKI,190,10,9,-6,G,20,10,FEW,100,,,,,28,0,19,2957,180,29,1,,,0,1,0,0,0,0
5,24,2011,19:30,KTKI,190,0,8,-1,,0,10,FEW,100,,,,,28,0,20,2959,180,29,1,,,0,1,1,0,0,0
5,24,2011,19:40,KTKI,210,20,4,-4,,0,10,FEW,41,SCT,55,SCT,70,27,-1,21,2961,180,29,1,,,0,0,1,0,0,0
5,24,2011,19:50,KTKI,210,0,6,2,,0,8,FEW,37,SCT,60,SCT,90,27,0,21,2960,180,29,1,,19,0,0,1,0,0,0
5,24,2011,20:00,KTKI,160,-50,11,5,G,15,10,FEW,37,SCT,55,,,26,-1,21,2957,,,0,,,1,0,1,0,0,0
5,24,2011,20:10,KTKI,170,10,23,12,G,28,10,FEW,35,,,,,26,0,21,2954,160,28,0,,,1,0,1,0,0,0
5,24,2011,20:20,KTKI,170,0,22,-1,G,35,10,CLR,,,,,,24,-2,21,2952,170,35,0,,,1,0,1,0,0,0
5,24,2011,20:30,KTKI,170,0,24,2,G,38,10,CLR,,,,,,23,-1,19,2950,170,38,0,,,0,0,1,0,0,0
5,24,2011,20:40,KTKI,160,-10,27,3,G,37,10,CLR,,,,,,21,-2,18,2950,170,38,1,,,0,0,1,0,0,0
5,24,2011,20:50,KTKI,150,-10,24,-3,G,34,10,FEW,100,,,,,22,1,18,2949,170,38,1,,983,0,0,1,0,0,0
5,24,2011,21:00,KTKI,170,20,26,2,G,36,10,CLR,,,,,,23,1,19,2953,160,36,1,,,0,1,0,0,0,0
5,24,2011,21:10,KTKI,180,10,10,-16,G,23,10,FEW,47,,,,,23,0,19,2958,160,36,1,,,0,1,1,0,0,0
5,24,2011,21:20,KTKI,340,160,12,2,G,27,2.5,FEW,21,SCT,26,BKN,90,21,-2,19,2969,160,36,1,,,0,0,1,0,0,0
5,24,2011,21:30,KTKI,210,-130,21,9,G,39,0.75,BKN,11,BKN,26,BKN,90,22,1,20,2968,200,39,1,,,0,0,1,0,0,0
5,24,2011,21:40,KTKI,180,-30,19,-2,G,27,1.25,BKN,12,OVC,26,,,21,-1,19,2967,200,39,1,,,0,0,1,0,1,0
5,24,2011,21:50,KTKI,160,-20,16,-3,,0,10,BKN,10,BKN,85,,,21,0,19,2966,200,39,1,,40,0,0,1,0,1,0
5,24,2011,17:30,KAFW,240,100,10,-2,G,15,8,SCT,43,SCT,70,SCT,95,29,1,22,2954,,,1,,,0,0,1,1,0,0
5,24,2011,17:40,KAFW,180,-60,13,3,G,18,8,SCT,43,SCT,70,SCT,95,29,0,21,2949,,,1,,,1,0,0,0,0,0
5,24,2011,17:50,KAFW,160,-20,13,0,G,20,7,FEW,60,,,,,28,-1,22,2947,,,0,,966,1,0,0,1,1,0
5,24,2011,18:00,KAFW,160,0,18,5,G,24,8,FEW,60,,,,,29,1,21,2946,,,0,,,1,0,0,0,0,0
5,24,2011,18:10,KAFW,160,0,16,-2,G,26,8,FEW,40,,,,,29,0,21,2946,150,26,1,,,0,0,0,0,0,0
5,24,2011,18:20,KAFW,170,10,20,4,G,29,8,FEW,40,,,,,29,0,21,2944,170,29,1,,,0,0,0,0,0,0
5,24,2011,18:30,KAFW,160,-10,23,3,G,34,8,FEW,65,SCT,95,SCT,110,29,0,21,2942,160,34,1,,,0,0,1,0,0,1
5,24,2011,18:40,KAFW,160,0,13,-10,G,30,4,SCT,65,BKN,80,BKN,95,28,-1,22,2946,160,34,1,,,0,0,1,0,0,1
5,24,2011,18:50,KAFW,140,-20,15,2,G,26,4,BKN,60,BKN,80,BKN,95,28,0,22,2948,160,34,1,,968,0,0,1,1,0,1
5,24,2011,19:00,KAFW,120,-20,7,-8,G,21,3,BKN,38,OVC,70,,,26,-2,22,2957,,,1,,,0,1,1,1,0,1
5,24,2011,19:10,KAFW,60,-60,13,6,G,18,3,BKN,40,BKN,50,OVC,70,26,0,22,2954,,,1,,,0,0,1,1,0,0
5,24,2011,19:20,KAFW,340,-80,10,-3,G,17,5,SCT,36,BKN,60,BKN,70,25,-1,22,2956,,,1,FC,,0,0,1,1,0,0
5,24,2011,19:30,KAFW,-1,0,5,-5,,0,5,SCT,36,BKN,60,BKN,70,27,2,22,2953,,,1,FC,,0,0,1,1,0,0
5,24,2011,19:40,KAFW,120,140,8,3,,0,6,SCT,60,,,,,26,-1,22,2952,,,1,FC,,0,0,1,1,0,0
5,24,2011,19:50,KAFW,150,30,14,6,G,18,9,FEW,60,SCT,75,,,26,0,22,2953,,,1,FC,985,0,0,1,1,0,0
5,24,2011,20:00,KAFW,140,-10,8,-6,,0,10,FEW,70,SCT,150,BKN,250,26,0,22,2952,,,0,,,0,0,0,0,0,0
5,24,2011,20:10,KAFW,170,30,9,1,G,16,9,FEW,80,,,,,26,0,21,2953,,,0,,,0,0,0,0,0,0
5,24,2011,20:20,KAFW,170,0,9,0,,0,10,SCT,80,,,,,26,0,21,2951,,,0,,,0,0,0,0,0,0
5,24,2011,20:30,KAFW,170,0,15,6,G,20,10,FEW,80,,,,,27,1,21,2946,,,0,,,1,0,0,0,0,0
5,24,2011,20:40,KAFW,180,10,10,-5,G,22,10,FEW,80,,,,,27,0,21,2954,,,1,,,0,0,0,0,0,0
5,24,2011,20:50,KAFW,270,90,7,-3,,0,4,SCT,90,,,,,27,0,21,2958,,,1,,1,0,1,1,0,0,0
5,24,2011,21:00,KAFW,350,80,9,2,G,27,2,FEW,15,BKN,46,BKN,80,26,-1,22,2958,300,27,1,,,0,0,1,1,0,0
5,24,2011,21:10,KAFW,0,0,0,-9,,0,5,SCT,25,BKN,46,OVC,95,25,-1,23,2955,300,27,1,,,0,0,1,1,0,0
5,24,2011,21:20,KAFW,180,-170,4,4,,0,7,BKN,44,OVC,70,,,24,-1,22,2957,300,27,1,,,0,0,1,1,0,0
5,24,2011,21:30,KAFW,140,-40,8,4,,0,7,SCT,47,OVC,70,,,24,0,23,2959,300,27,1,,,0,0,1,1,0,0
5,24,2011,21:40,KAFW,90,-50,7,-1,,0,6,OVC,65,,,,,24,0,23,2960,300,27,1,,,0,0,1,1,0,0
5,24,2011,21:50,KAFW,90,0,6,-1,,0,6,OVC,70,,,,,24,0,23,2961,300,27,1,,13,0,0,1,1,0,0
5,24,2011,17:30,KGKY,170,0,22,1,G,34,10,CLR,,,,,,32,1,21,2952,160,34,1,,,1,0,0,0,0,0
5,24,2011,17:40,KGKY,170,0,22,0,G,36,10,CLR,,,,,,32,0,20,2951,160,36,1,,,1,0,0,0,0,0
5,24,2011,17:50,KGKY,170,0,24,2,G,31,10,CLR,,,,,,31,-1,20,2951,160,36,1,,983,0,0,0,0,0,0
5,24,2011,18:00,KGKY,170,0,24,0,G,36,10,CLR,,,,,,31,0,19,2951,160,36,1,,,0,0,0,0,0,0
5,24,2011,18:10,KGKY,170,0,25,1,G,32,10,CLR,,,,,,31,0,19,2949,160,36,1,,,0,0,0,0,0,0
5,24,2011,18:20,KGKY,170,0,20,-5,G,30,10,CLR,,,,,,31,0,19,2948,160,36,1,,,1,0,0,0,0,0
5,24,2011,18:30,KGKY,170,0,20,0,G,28,10,CLR,,,,,,31,0,19,2950,160,36,1,,,0,0,0,0,0,0
5,24,2011,18:40,KGKY,160,-10,18,-2,G,28,10,CLR,,,,,,31,0,19,2949,160,36,1,,,0,0,0,0,0,0
5,24,2011,18:50,KGKY,170,10,25,7,G,33,10,CLR,,,,,,31,0,19,2948,160,36,1,,972,0,0,0,0,0,0
5,24,2011,19:00,KGKY,160,-10,26,1,G,36,10,CLR,,,,,,31,0,19,2946,170,36,1,,,1,0,0,0,0,0
5,24,2011,19:10,KGKY,160,0,28,2,G,38,10,CLR,,,,,,31,0,19,2945,170,38,1,,,0,0,0,0,0,0
5,24,2011,19:20,KGKY,180,20,32,4,G,45,10,CLR,,,,,,31,0,19,2945,190,45,1,,,0,0,0,0,0,0
5,24,2011,19:30,KGKY,190,10,24,-8,G,43,10,CLR,,,,,,31,0,19,2950,190,45,1,,,0,1,0,0,0,1
5,24,2011,19:40,KGKY,180,-10,23,-1,G,32,10,FEW,80,,,,,31,0,19,2951,190,45,1,,,0,0,0,0,0,1
5,24,2011,19:50,KGKY,150,-30,27,4,G,39,10,FEW,110,,,,,30,-1,19,2943,190,42,1,,945,1,0,0,0,0,1
5,24,2011,20:00,KGKY,270,120,17,-10,G,44,10,SCT,55,SCT,75,BKN,100,30,0,19,2959,280,29,1,,,0,1,1,0,1,0
5,24,2011,20:10,KGKY,-1,0,6,-11,G,22,7,BKN,55,BKN,85,BKN,100,29,-1,20,2954,280,29,1,,,0,0,1,0,1,0
5,24,2011,20:20,KGKY,320,50,13,7,G,20,10,BKN,55,BKN,95,BKN,120,28,-1,21,2957,280,29,1,,,0,0,1,0,1,0
5,24,2011,20:30,KGKY,170,-150,32,19,G,55,10,BKN,55,BKN,90,BKN,110,30,2,19,2951,170,55,1,,,0,0,1,0,1,0
5,24,2011,20:40,KGKY,190,20,24,-8,G,61,10,FEW,55,SCT,100,,,29,-1,19,2950,170,61,1,,,0,0,1,0,1,0
5,24,2011,20:50,KGKY,180,-10,23,-1,G,33,10,FEW,50,,,,,29,0,19,2948,170,61,1,,972,0,0,1,0,1,0
5,24,2011,21:00,KGKY,170,-10,20,-3,G,30,10,CLR,,,,,,29,0,19,2951,160,30,0,,,0,0,0,0,0,0
5,24,2011,21:10,KGKY,160,-10,24,4,G,32,10,CLR,,,,,,29,0,19,2948,160,32,1,,,0,0,0,0,0,0
5,24,2011,17:40,KDAL,150,0,19,0,G,27,10,BKN,130,,,,,31,0,19,2952,140,27,1,CB,,0,0,0,0,0,0
5,24,2011,17:50,KDAL,150,0,18,-1,G,27,10,SCT,130,BKN,250,,,31,0,19,2951,150,27,1,CB,,1,0,0,0,0,0
5,24,2011,18:00,KDAL,170,20,18,0,G,25,10,CLR,,,,,,31,0,19,2950,,,0,,,0,0,0,0,0,0
5,24,2011,18:10,KDAL,170,0,14,-4,G,23,10,CLR,,,,,,31,0,19,2949,,,0,,,0,0,0,0,0,0
5,24,2011,18:20,KDAL,170,0,19,5,G,29,10,CLR,,,,,,31,0,19,2949,170,29,0,,,0,0,0,0,0,0
5,24,2011,18:30,KDAL,170,0,18,-1,G,25,10,CLR,,,,,,31,0,19,2950,170,29,0,,,0,0,0,0,0,0
5,24,2011,18:40,KDAL,180,10,25,7,G,32,10,CLR,,,,,,31,0,19,2949,170,32,0,,,0,0,0,0,0,0
5,24,2011,18:50,KDAL,160,-20,17,-8,G,33,10,BKN,130,,,,,31,0,19,2949,160,33,1,CB,,0,0,0,0,0,0
5,24,2011,19:00,KDAL,170,10,19,2,G,28,10,CLR,,,,,,31,0,19,2950,180,28,1,,,0,0,0,0,0,0
5,24,2011,19:10,KDAL,160,-10,16,-3,G,27,10,FEW,60,,,,,31,0,19,2949,180,28,1,,,0,0,0,0,0,0
5,24,2011,19:20,KDAL,150,-10,16,0,G,27,10,BKN,65,,,,,31,0,19,2954,180,28,1,,,0,1,1,0,0,0
5,24,2011,19:30,KDAL,80,-70,24,8,G,31,2.5,BKN,50,OVC,130,,,28,-3,20,2942,90,31,1,FC,,1,0,1,1,0,1
5,24,2011,19:40,KDAL,360,-80,30,6,G,41,6,BKN,50,OVC,60,,,26,-2,21,2951,360,41,1,FC,,0,0,1,1,1,1
5,24,2011,19:50,KDAL,30,30,26,-4,G,41,4,BKN,36,OVC,55,,,25,-1,21,2957,350,41,1,FC,6,0,1,1,1,1,1
5,24,2011,20:00,KDAL,240,-150,8,-18,G,31,3,SCT,24,BKN,35,OVC,55,25,0,21,2962,,,1,FC,,0,0,1,0,0,0
5,24,2011,20:10,KDAL,170,-70,8,0,G,17,8,FEW,15,SCT,36,OVC,55,27,2,21,2961,,,1,FC,,0,0,1,0,0,0
5,24,2011,20:20,KDAL,160,-10,19,11,G,22,8,BKN,21,BKN,36,OVC,55,25,-2,21,2958,,,1,FC,,0,0,1,0,0,0
5,24,2011,20:30,KDAL,140,-20,19,0,,0,9,BKN,30,BKN,36,OVC,60,24,-1,21,2954,,,1,FC,,0,0,1,0,0,0
5,24,2011,20:40,KDAL,150,10,18,-1,,0,10,BKN,24,,,,,24,0,20,2950,,,1,tornado,,0,0,1,0,0,1
5,24,2011,20:50,KDAL,170,20,27,9,G,32,10,BKN,24,OVC,70,,,25,1,21,2949,170,32,1,tornado,981,0,0,1,0,0,1
5,24,2011,21:00,KDAL,140,-30,18,-9,G,31,10,FEW,17,,,,,24,-1,21,2954,150,31,0,,,0,1,1,0,0,1
5,24,2011,21:10,KDAL,140,0,17,-1,G,28,10,FEW,19,BKN,30,OVC,65,23,-1,18,2953,150,31,0,,,0,0,1,0,0,0
5,24,2011,21:20,KDAL,120,-20,7,-10,G,16,10,FEW,19,BKN,30,OVC,65,23,0,18,2959,150,31,0,,,0,0,1,0,0,0
5,24,2011,21:30,KDAL,340,-140,16,9,G,20,5,BKN,65,BKN,80,OVC,120,23,0,19,2968,150,31,1,,,0,0,1,0,0,0
5,24,2011,21:40,KDAL,10,30,8,-8,G,23,1.25,BKN,65,BKN,80,OVC,120,23,0,21,2971,150,31,1,,,0,0,1,0,0,0
5,24,2011,21:50,KDAL,110,100,12,4,G,17,3,BKN,65,BKN,80,OVC,120,23,0,21,2967,150,31,1,,,0,0,1,0,0,0
5,24,2011,17:30,KRBD,170,10,16,1,G,22,10,CLR,,,,,,31,0,20,2954,,,0,,,0,0,0,0,0,0
5,24,2011,17:40,KRBD,150,-20,16,0,G,26,10,CLR,,,,,,32,1,21,2953,150,26,0,,,1,0,0,0,0,0
5,24,2011,17:50,KRBD,160,10,13,-3,G,30,10,CLR,,,,,,32,0,20,2951,170,30,0,,985,0,0,0,0,0,0
5,24,2011,18:00,KRBD,160,0,14,1,G,30,10,CLR,,,,,,31,-1,20,2951,160,30,0,,,0,0,0,0,0,0
5,24,2011,18:10,KRBD,170,10,16,2,G,28,10,CLR,,,,,,31,0,20,2950,160,30,0,,,0,0,0,0,0,0
5,24,2011,18:20,KRBD,160,-10,16,0,G,27,10,CLR,,,,,,31,0,19,2951,160,30,0,,,0,0,0,0,0,0
5,24,2011,18:30,KRBD,170,10,13,-3,G,25,10,CLR,,,,,,31,0,19,2951,160,30,0,,,0,0,0,0,0,0
5,24,2011,18:40,KRBD,170,0,12,-1,G,23,10,CLR,,,,,,31,0,19,2951,160,30,0,,,0,0,0,0,0,0
5,24,2011,18:50,KRBD,170,0,16,4,G,24,10,CLR,,,,,,31,0,19,2949,160,30,0,,977,0,0,0,0,0,0
5,24,2011,19:00,KRBD,170,0,17,1,G,27,10,CLR,,,,,,31,0,19,2949,170,26,0,,,0,0,0,0,0,0
5,24,2011,19:10,KRBD,170,0,17,0,G,31,10,CLR,,,,,,31,0,19,2949,160,31,0,,,0,0,0,0,0,0
5,24,2011,19:20,KRBD,160,-10,20,3,G,31,10,CLR,,,,,,31,0,19,2947,160,31,0,,,0,0,0,0,0,0
5,24,2011,19:30,KRBD,160,0,23,3,G,31,10,CLR,,,,,,31,0,19,2948,150,31,0,,,0,0,0,0,0,1
5,24,2011,19:40,KRBD,170,10,19,-4,G,30,10,CLR,,,,,,31,0,19,2948,150,31,1,,,0,0,0,0,0,1
5,24,2011,19:50,KRBD,190,20,12,-7,G,27,10,FEW,70,,,,,31,0,19,2954,150,31,1,,995,0,1,0,0,0,1
5,24,2011,20:00,KRBD,180,-10,11,-1,G,21,10,FEW,80,SCT,110,,,30,-1,19,2955,,,1,,,0,0,1,0,0,0
5,24,2011,20:10,KRBD,120,-60,20,9,G,30,10,FEW,90,SCT,110,,,30,0,19,2948,130,30,1,,,0,0,1,0,0,0
5,24,2011,20:20,KRBD,350,-120,19,-1,G,34,5,FEW,48,BKN,60,BKN,85,27,-3,21,2961,320,34,1,,,0,0,1,0,0,0
5,24,2011,20:30,KRBD,180,-170,15,-4,G,28,3,FEW,22,SCT,31,BKN,50,27,0,20,2957,320,34,1,,,0,0,1,0,1,0
5,24,2011,20:40,KRBD,40,-140,19,4,G,33,1,BKN,16,BKN,50,OVC,60,24,-3,21,2959,320,34,1,,,0,0,1,0,1,0
5,24,2011,20:50,KRBD,100,60,22,3,G,34,8,SCT,17,SCT,36,BKN,55,24,0,20,2953,90,34,1,,990,0,0,1,0,1,0
5,24,2011,21:00,KRBD,130,30,10,-12,G,22,10,FEW,15,SCT,50,,,23,-1,20,2954,,,1,,,0,0,1,0,0,0
5,24,2011,21:10,KRBD,160,30,16,6,G,29,10,FEW,50,,,,,26,3,20,2952,160,29,1,,,0,0,1,0,0,0
5,24,2011,21:20,KRBD,160,0,15,-1,G,27,10,FEW,50,,,,,27,1,19,2952,160,29,1,,,0,0,1,0,0,0
5,24,2011,21:30,KRBD,150,-10,16,1,G,24,10,CLR,,,,,,28,1,19,2958,160,29,1,,,0,1,1,0,0,0
5,24,2011,21:40,KRBD,250,100,13,-3,G,30,10,FEW,65,SCT,90,,,27,-1,20,2965,180,30,1,,,0,1,1,0,0,0
5,24,2011,21:50,KRBD,240,-10,11,-2,SQ,37,4,SCT,19,BKN,46,BKN,70,24,-3,21,2965,330,37,1,,32,0,0,1,0,0,0
5,24,2011,17:30,KFTW,170,0,18,-5,G,26,10,CLR,,,,,,31,0,21,2950,160,32,0,,,0,0,0,0,0,0
5,24,2011,17:40,KFTW,160,-10,16,-2,G,23,10,CLR,,,,,,30,-1,21,2950,160,32,0,,,0,0,0,0,0,0
5,24,2011,17:50,KFTW,160,0,18,2,,0,10,CLR,,,,,,30,0,21,2948,160,32,0,,972,1,0,0,0,0,0
5,24,2011,18:00,KFTW,160,0,21,3,G,26,10,CLR,,,,,,31,1,21,2945,160,26,0,,,0,0,0,0,0,0
5,24,2011,18:10,KFTW,160,0,18,-3,G,27,10,CLR,,,,,,31,0,20,2946,170,27,0,,,0,0,0,0,0,0
5,24,2011,18:20,KFTW,160,0,17,-1,G,23,10,CLR,,,,,,31,0,20,2946,170,27,0,,,0,0,0,0,0,0
5,24,2011,18:30,KFTW,150,-10,17,0,G,27,10,CLR,,,,,,30,-1,20,2944,150,27,0,,,1,0,0,0,0,0
5,24,2011,18:40,KFTW,140,-10,23,6,G,29,10,CLR,,,,,,30,0,20,2940,160,29,0,,,1,0,0,0,0,1
5,24,2011,18:50,KFTW,150,10,38,15,G,46,10,CLR,,,,,,30,0,20,2925,150,46,0,,893,1,0,0,0,0,1
5,24,2011,19:00,KFTW,260,110,31,-7,G,49,8,SCT,50,SCT,80,,,31,1,20,2947,270,49,0,,,0,1,0,0,1,1
5,24,2011,19:10,KFTW,230,-30,11,-20,G,40,10,BKN,50,BKN,75,BKN,90,31,0,19,2952,270,49,0,,,0,1,0,0,1,0
5,24,2011,19:20,KFTW,120,-110,10,-1,G,20,10,SCT,50,SCT,80,BKN,90,31,0,20,2949,270,49,0,,,0,0,0,0,1,0
5,24,2011,19:30,KFTW,260,140,8,-2,G,15,9,FEW,30,BKN,90,,,30,-1,20,2954,270,49,0,,,0,0,0,0,1,0
5,24,2011,19:40,KFTW,130,-130,10,2,G,24,9,FEW,65,SCT,100,,,28,-2,21,2953,270,49,0,,,0,0,1,0,1,0
5,24,2011,20:50,KFTW,190,60,14,4,G,23,10,FEW,65,,,,,28,0,21,2947,,,0,,969,0,0,0,0,0,0
5,24,2011,21:00,KFTW,310,120,27,13,G,33,10,FEW,48,SCT,65,BKN,95,28,0,21,2956,320,33,0,,,0,1,0,0,0,0
5,24,2011,21:10,KFTW,240,-70,17,-10,G,37,10,FEW,46,SCT,65,BKN,80,29,1,20,2954,320,37,0,,,0,0,1,0,0,0
5,24,2011,21:20,KFTW,220,-20,18,1,G,25,10,FEW,44,BKN,90,,,28,-1,21,2959,320,37,0,,,0,0,1,0,1,0
5,24,2011,21:30,KFTW,200,-20,15,-3,G,26,10,FEW,44,,,,,27,-1,21,2957,320,37,0,,,0,0,1,0,1,0
5,24,2011,21:40,KFTW,180,-20,13,-2,G,21,10,FEW,90,,,,,26,-1,21,2959,320,37,0,,,0,0,1,0,1,0
5,24,2011,21:50,KFTW,170,-10,9,-4,,0,10,CLR,,,,,,26,0,21,2961,320,37,0,,18,0,0,1,0,1,0
3,21,2022,15:20,KDTO,150,0,18,3,G,25,10,OVC,14,,,,,21,0,18,2955,,,0,,,0,0,0,0,0,0
3,21,2022,15:30,KDTO,140,-10,17,-1,G,28,10,OVC,15,,,,,21,0,19,2954,130,28,0,,,0,0,0,0,0,0
3,21,2022,15:40,KDTO,150,10,24,7,G,34,10,BKN,17,OVC,24,,,22,1,19,2953,160,34,0,,,0,0,0,0,0,0
3,21,2022,15:50,KDTO,150,0,21,-3,G,37,10,BKN,17,OVC,24,,,22,0,19,2952,150,37,0,,990,0,0,0,0,0,0
3,21,2022,16:00,KDTO,150,0,20,-1,G,31,10,BKN,17,OVC,24,,,21,-1,19,2951,150,30,0,,,0,0,0,0,0,0
3,21,2022,16:10,KDTO,150,0,25,5,G,34,10,BKN,17,OVC,23,,,22,1,19,2950,140,34,0,,,0,0,0,0,0,0
3,21,2022,16:20,KDTO,160,10,21,-4,G,33,10,SCT,16,OVC,23,,,22,0,19,2949,140,34,0,,,0,0,0,0,0,0
3,21,2022,16:30,KDTO,160,0,19,-2,G,33,10,BKN,18,BKN,23,OVC,29,22,0,19,2951,140,34,0,,,0,0,0,0,0,0
3,21,2022,16:40,KDTO,170,10,18,-1,G,30,10,BKN,18,BKN,23,OVC,28,22,0,19,2950,140,34,0,,,0,0,0,0,0,0
3,21,2022,16:50,KDTO,280,110,11,-7,G,43,2,BKN,18,BKN,28,OVC,47,17,-5,15,2954,250,43,0,,999,0,1,1,0,1,0
3,21,2022,17:00,KDTO,220,-60,13,2,G,23,0.75,FEW,18,BKN,31,OVC,47,16,-1,14,2961,,,1,,,0,1,1,0,1,0
3,21,2022,17:10,KDTO,240,20,12,-1,G,21,0.5,FEW,16,BKN,22,OVC,47,16,0,14,2957,,,1,,,0,0,1,0,1,0
3,21,2022,17:20,KDTO,160,-80,8,-4,,0,2,BKN,30,BKN,47,OVC,100,15,-1,14,2958,,,1,,,0,0,1,0,1,0
3,21,2022,17:30,KDTO,130,-30,10,2,,0,10,SCT,28,SCT,75,OVC,95,16,1,14,2959,,,1,,,0,1,1,0,1,0
3,21,2022,17:40,KDTO,130,0,11,1,,0,9,FEW,43,SCT,70,OVC,90,15,-1,14,2959,,,1,,,0,0,1,0,1,0
3,21,2022,17:50,KDTO,140,10,6,-5,,0,10,FEW,75,OVC,90,,,15,0,14,2959,,,1,,14,0,0,1,0,1,0
3,21,2022,18:00,KDTO,100,-40,3,-3,,0,10,FEW,75,OVC,90,,,15,0,14,2958,,,1,,,0,0,1,0,0,0
3,21,2022,18:10,KDTO,170,70,7,4,,0,10,FEW,55,SCT,70,OVC,90,15,0,14,2959,,,1,,,0,0,1,0,0,0
3,21,2022,18:20,KDTO,130,-40,11,4,,0,10,FEW,55,BKN,90,OVC,120,15,0,14,2958,,,1,,,0,0,1,0,0,0
3,21,2022,18:30,KDTO,140,10,8,-3,,0,10,FEW,55,BKN,75,OVC,120,15,0,14,2960,,,1,,,0,0,1,0,0,0
3,21,2022,15:20,KTKI,160,0,14,-3,,0,10,FEW,9,BKN,42,OVC,50,19,0,18,2960,150,28,0,,,0,0,1,0,0,0
3,21,2022,15:30,KTKI,150,-10,16,2,G,22,10,FEW,12,BKN,17,OVC,48,19,0,18,2959,150,28,0,,,0,0,1,0,0,0
3,21,2022,15:40,KTKI,150,0,20,4,G,29,10,BKN,15,OVC,27,,,19,0,18,2958,140,29,0,,,0,0,1,0,0,0
3,21,2022,15:50,KTKI,160,10,16,-4,G,28,5,OVC,13,,,,,19,0,18,2958,140,29,0,,,0,0,1,0,0,0
3,21,2022,16:00,KTKI,150,-10,17,1,,0,10,OVC,11,,,,,19,0,18,2956,,,0,,,0,0,1,0,0,0
3,21,2022,16:10,KTKI,140,-10,15,-2,G,24,3,OVC,11,,,,,19,0,18,2954,,,0,,,1,0,1,0,0,0
3,21,2022,16:20,KTKI,150,10,19,4,G,27,10,OVC,11,,,,,19,0,18,2954,150,27,0,,,0,0,1,0,0,0
3,21,2022,16:30,KTKI,160,10,21,2,G,30,10,OVC,11,,,,,19,0,18,2953,160,30,0,,,0,0,1,0,0,0
3,21,2022,16:40,KTKI,160,0,20,-1,G,33,10,BKN,8,OVC,13,,,20,1,19,2952,150,33,0,,,0,0,1,0,0,0
3,21,2022,16:50,KTKI,160,0,20,0,G,34,10,BKN,8,OVC,13,,,21,1,19,2952,160,34,0,,996,0,0,1,0,0,0
3,21,2022,17:00,KTKI,170,10,19,-1,G,29,10,BKN,8,OVC,13,,,21,0,19,2952,180,29,0,,,0,0,0,0,0,0
3,21,2022,17:10,KTKI,180,10,24,5,G,33,10,BKN,8,OVC,13,,,21,0,19,2954,170,33,0,,,0,1,0,0,0,0
3,21,2022,17:20,KTKI,180,0,20,-4,G,31,10,BKN,8,OVC,13,,,21,0,19,2955,170,33,0,,,0,0,0,0,0,0
3,21,2022,17:30,KTKI,170,-10,19,-1,G,28,10,BKN,8,OVC,13,,,21,0,19,2956,170,33,0,,,0,0,0,0,0,0
3,21,2022,17:40,KTKI,170,0,19,0,G,29,10,BKN,8,OVC,13,,,21,0,19,2957,170,33,0,,,0,0,0,0,0,0
3,21,2022,17:50,KTKI,170,0,17,-2,G,25,10,BKN,8,OVC,13,,,21,0,19,2958,170,33,0,,19,0,1,0,0,0,0
3,21,2022,18:00,KTKI,230,60,9,-8,G,26,10,BKN,18,OVC,25,,,21,0,19,2960,,,1,,,0,1,0,0,0,0
3,21,2022,18:10,KTKI,270,40,21,12,G,35,2,BKN,18,BKN,25,OVC,38,16,-5,13,2964,290,35,1,,,0,1,1,0,0,0
3,21,2022,18:20,KTKI,260,-10,18,-3,G,32,1.25,BKN,20,BKN,25,OVC,40,14,-2,13,2965,290,35,1,,,0,0,1,0,1,0
3,21,2022,18:30,KTKI,280,20,16,-2,G,27,1.5,FEW,17,OVC,27,,,14,0,13,2964,290,35,1,,,0,0,1,0,1,0
3,21,2022,15:20,KAFW,160,0,24,-1,G,36,10,BKN,15,BKN,250,,,23,0,19,2952,160,36,0,,,0,0,1,0,0,0
3,21,2022,15:30,KAFW,160,0,25,1,G,33,10,BKN,15,BKN,250,,,23,0,19,2952,160,36,0,,,0,0,1,0,0,0
3,21,2022,15:40,KAFW,150,-10,28,3,G,35,10,BKN,17,BKN,250,,,23,0,19,2951,160,36,0,,,0,0,1,0,0,0
3,21,2022,15:50,KAFW,160,10,22,-6,G,32,10,BKN,17,BKN,25,BKN,250,22,-1,19,2950,160,36,0,,982,0,0,1,0,0,0
3,21,2022,16:00,KAFW,150,-10,25,3,G,31,10,BKN,17,OVC,25,,,22,0,19,2948,150,31,0,,,0,0,0,0,0,0
3,21,2022,16:10,KAFW,160,10,23,-2,G,31,10,BKN,17,OVC,25,,,22,0,19,2948,150,31,0,,,0,0,0,0,0,0
3,21,2022,16:20,KAFW,160,0,27,4,G,36,10,OVC,17,,,,,22,0,19,2947,170,36,1,CB,,0,0,1,0,0,0
3,21,2022,16:30,KAFW,170,10,24,-3,G,32,10,BKN,19,OVC,30,,,22,0,20,2948,170,36,1,CB,,0,0,1,0,0,1
3,21,2022,16:40,KAFW,260,90,12,-12,G,26,10,BKN,19,BKN,37,OVC,60,23,1,20,2950,170,36,1,CB,,0,1,1,0,0,1
3,21,2022,16:50,KAFW,260,0,22,10,G,32,4,BKN,19,BKN,37,OVC,60,17,-6,14,2959,170,36,1,CB,15,0,1,1,0,1,1
3,21,2022,17:00,KAFW,300,40,10,-12,G,28,0.25,SCT,14,BKN,21,OVC,37,15,-2,14,2952,,,1,CB,,0,0,1,0,1,0
3,21,2022,17:10,KAFW,340,40,4,-6,,0,8,SCT,14,BKN,21,OVC,37,16,1,14,2954,,,1,CB,,0,0,1,0,1,0
3,21,2022,17:20,KAFW,130,150,13,9,G,16,10,SCT,14,BKN,21,OVC,80,16,0,14,2958,,,1,CB,,0,0,1,0,1,0
3,21,2022,17:30,KAFW,120,-10,7,-6,,0,7,SCT,14,BKN,21,OVC,80,15,-1,14,2958,,,1,CB,,0,0,1,0,1,0
3,21,2022,17:40,KAFW,130,10,4,-3,,0,7,SCT,30,BKN,80,OVC,90,15,0,14,2956,,,1,CB,,0,0,1,0,1,0
3,21,2022,17:50,KAFW,120,-10,7,3,,0,9,SCT,30,BKN,75,OVC,90,16,1,14,2958,,,1,CB,14,0,0,1,0,1,0
3,21,2022,18:00,KAFW,130,10,9,2,,0,10,SCT,30,BKN,75,OVC,90,16,0,14,2959,,,1,CB,,0,0,1,0,0,0
3,21,2022,18:10,KAFW,130,0,7,-2,,0,10,SCT,30,BKN,75,BKN,90,15,-1,14,2957,,,1,CB,,0,0,1,0,0,0
3,21,2022,18:20,KAFW,130,0,8,1,,0,10,BKN,75,BKN,250,,,15,0,14,2959,,,1,,,0,0,1,0,0,0
3,21,2022,18:30,KAFW,130,0,9,1,,0,10,BKN,75,BKN,250,,,15,0,14,2959,,,1,,,0,0,1,0,0,0
3,21,2022,15:20,KGKY,140,0,18,1,G,29,10,BKN,13,OVC,19,,,22,0,19,2956,120,34,0,,,0,0,1,0,0,0
3,21,2022,15:30,KGKY,140,0,15,-3,G,29,10,BKN,13,OVC,19,,,22,0,19,2956,120,34,0,,,0,0,1,0,0,0
3,21,2022,15:40,KGKY,140,0,14,-1,G,24,8,BKN,13,BKN,18,OVC,30,22,0,20,2955,120,34,0,,,0,0,1,0,0,0
3,21,2022,15:50,KGKY,140,0,17,3,G,27,10,BKN,13,BKN,20,OVC,30,22,0,20,2955,120,34,0,,999,0,0,1,0,0,0
3,21,2022,16:00,KGKY,150,10,17,0,G,33,10,BKN,15,OVC,23,,,23,1,20,2954,130,33,0,,,0,0,1,0,0,0
3,21,2022,16:10,KGKY,150,0,18,1,G,30,10,BKN,15,OVC,21,,,23,0,20,2954,130,33,0,,,0,0,1,0,0,0
3,21,2022,16:20,KGKY,140,-10,20,2,G,31,10,BKN,17,BKN,24,OVC,37,23,0,20,2952,130,33,0,,,0,0,1,0,0,0
3,21,2022,16:30,KGKY,140,0,15,-5,G,29,10,FEW,12,BKN,18,OVC,35,23,0,20,2951,130,33,0,,,0,0,1,0,0,0
3,21,2022,16:40,KGKY,150,10,20,5,G,32,10,BKN,18,BKN,26,OVC,44,23,0,20,2950,130,33,0,,,0,0,1,0,0,0
3,21,2022,16:50,KGKY,160,10,22,2,G,36,10,SCT,18,BKN,30,OVC,44,23,0,19,2949,150,36,0,,,0,0,1,0,0,0
3,21,2022,17:00,KGKY,160,0,26,4,G,37,10,SCT,18,BKN,23,OVC,29,23,0,19,2950,150,37,0,,,0,0,0,0,0,1
3,21,2022,17:10,KGKY,160,0,23,-3,G,36,10,FEW,18,BKN,23,BKN,28,23,0,19,2952,150,37,0,,,0,1,0,0,0,1
3,21,2022,17:20,KGKY,210,50,13,-10,G,32,10,BKN,20,BKN,25,OVC,30,23,0,19,2959,150,37,1,,,0,1,0,0,0,1
3,21,2022,17:30,KGKY,250,40,14,1,G,22,10,BKN,20,BKN,27,OVC,31,19,-4,13,2960,150,37,1,,,0,1,0,0,1,0
3,21,2022,17:40,KGKY,260,10,13,-1,G,24,1.75,FEW,13,BKN,20,OVC,28,17,-2,14,2967,150,37,1,,,0,0,1,0,1,0
3,21,2022,17:50,KGKY,260,0,9,-4,G,27,0.5,BKN,14,BKN,19,OVC,28,15,-2,13,2959,150,37,1,,,0,0,1,0,1,0
3,21,2022,18:00,KGKY,-1,0,3,-6,G,15,1.25,OVC,24,,,,,15,0,13,2963,,,1,,,0,0,1,0,0,0
3,21,2022,18:10,KGKY,-1,0,3,0,,0,1.25,BKN,30,OVC,70,,,14,-1,13,2962,,,1,,,0,0,1,0,0,0
3,21,2022,18:20,KGKY,120,-140,10,7,,0,4,BKN,44,OVC,70,,,14,0,13,2965,,,1,,,0,0,1,0,0,0
3,21,2022,18:30,KGKY,120,0,10,0,,0,5,BKN,55,OVC,70,,,14,0,14,2966,,,1,,,0,0,1,0,0,0
3,21,2022,15:20,KDAL,140,0,16,1,G,31,10,BKN,13,OVC,17,,,21,0,19,2958,140,31,0,,,0,0,0,0,0,0
3,21,2022,15:30,KDAL,150,10,12,-4,G,28,10,OVC,13,,,,,21,0,18,2957,140,31,0,,,0,0,0,0,0,0
3,21,2022,15:40,KDAL,150,0,15,3,G,24,10,OVC,13,,,,,21,0,19,2956,140,31,0,,,0,0,1,0,0,0
3,21,2022,15:50,KDAL,160,10,13,-2,G,24,10,BKN,13,OVC,20,,,21,0,19,2957,140,31,0,,,0,0,1,0,0,0
3,21,2022,16:00,KDAL,160,0,16,3,G,25,10,BKN,13,OVC,20,,,21,0,19,2956,,,0,,,0,0,0,0,0,0
3,21,2022,16:10,KDAL,150,-10,17,1,G,30,10,OVC,13,,,,,22,1,19,2955,150,30,0,,,0,0,0,0,0,0
3,21,2022,16:20,KDAL,160,10,15,-2,G,29,10,BKN,13,OVC,20,,,22,0,19,2954,150,30,0,,,0,0,0,0,0,0
3,21,2022,16:30,KDAL,160,0,18,3,G,27,10,BKN,13,OVC,20,,,22,0,19,2953,150,30,0,,,0,0,0,0,0,0
3,21,2022,16:40,KDAL,160,0,17,-1,G,33,10,BKN,13,OVC,20,,,22,0,19,2952,160,33,0,,,0,0,0,0,0,0
3,21,2022,16:50,KDAL,160,0,19,2,G,32,10,BKN,13,OVC,20,,,22,0,19,2951,160,33,0,,986,1,0,0,0,0,0
3,21,2022,17:00,KDAL,170,10,21,2,G,36,10,BKN,18,OVC,24,,,22,0,19,2950,170,36,0,,,0,0,0,0,0,1
3,21,2022,17:10,KDAL,180,10,21,0,G,33,10,OVC,20,,,,,22,0,19,2953,170,36,0,,,0,0,0,0,0,1
3,21,2022,17:20,KDAL,180,0,18,-3,G,34,10,BKN,20,OVC,25,,,23,1,19,2955,170,36,0,,,0,1,0,0,0,1
3,21,2022,17:30,KDAL,180,0,19,1,G,31,10,OVC,20,,,,,23,0,19,2955,170,36,1,CB,,0,0,0,0,0,1
3,21,2022,17:40,KDAL,180,0,13,-6,G,32,10,OVC,20,,,,,23,0,19,2959,170,36,1,CB,,0,1,0,0,0,1
3,21,2022,17:50,KDAL,290,110,18,5,G,27,10,OVC,20,,,,,21,-2,16,2962,170,36,1,CB,,0,1,0,0,1,0
3,21,2022,18:00,KDAL,320,30,16,-2,G,32,5,BKN,20,BKN,25,OVC,30,16,-5,13,2958,300,32,1,CB,,0,0,1,0,1,0
3,21,2022,18:10,KDAL,300,-40,14,-2,G,23,0.75,BKN,15,BKN,23,OVC,41,15,-1,14,2962,300,32,1,CB,,0,0,1,0,1,0
3,21,2022,18:20,KDAL,290,-10,9,-5,G,24,1.25,SCT,6,BKN,13,OVC,32,14,-1,13,2964,300,32,1,CB,,0,0,1,0,1,0
3,21,2022,18:30,KDAL,220,-70,8,-1,,0,1.5,SCT,6,BKN,13,OVC,32,14,0,13,2966,300,32,1,CB,,0,0,1,0,1,0
3,21,2022,15:20,KRBD,160,0,15,-3,G,27,10,BKN,10,OVC,18,,,20,0,18,2957,160,27,0,,,0,0,0,0,0,0
3,21,2022,15:30,KRBD,160,0,21,6,G,29,10,OVC,10,,,,,20,0,18,2957,170,29,0,,,0,0,1,0,0,0
3,21,2022,15:40,KRBD,160,0,17,-4,G,26,10,OVC,11,,,,,21,1,18,2957,170,29,0,,,0,0,1,0,0,0
3,21,2022,15:50,KRBD,160,0,16,-1,G,25,10,OVC,11,,,,,21,0,19,2956,170,29,0,,5,0,0,1,0,0,0
3,21,2022,16:00,KRBD,160,0,18,2,G,26,10,OVC,13,,,,,21,0,19,2956,,,0,,,0,0,1,0,0,0
3,21,2022,16:10,KRBD,160,0,20,2,G,30,10,OVC,12,,,,,21,0,19,2955,170,30,0,,,0,0,1,0,0,0
3,21,2022,16:20,KRBD,160,0,17,-3,G,30,10,OVC,12,,,,,21,0,19,2954,160,30,0,,,0,0,1,0,0,0
3,21,2022,16:30,KRBD,160,0,22,5,G,32,10,OVC,19,,,,,22,1,19,2953,160,32,0,,,0,0,1,0,0,0
3,21,2022,16:40,KRBD,170,10,24,2,G,36,10,BKN,13,OVC,20,,,22,0,19,2953,170,36,0,,,0,0,1,0,0,0
3,21,2022,16:50,KRBD,170,0,23,-1,G,35,10,BKN,17,OVC,21,,,22,0,19,2951,170,36,0,,,0,0,1,0,0,0
3,21,2022,17:00,KRBD,170,0,23,0,G,39,10,OVC,19,,,,,22,0,19,2950,160,39,0,,,0,0,0,0,0,0
3,21,2022,17:10,KRBD,170,0,21,-2,G,39,10,OVC,19,,,,,22,0,19,2951,160,39,0,,,0,0,0,0,0,0
3,21,2022,17:20,KRBD,180,10,19,-2,G,39,10,BKN,17,OVC,23,,,22,0,19,2954,160,39,0,,,0,1,0,0,0,0
3,21,2022,17:30,KRBD,180,0,17,-2,G,30,10,BKN,17,OVC,23,,,22,0,19,2956,160,39,0,,,0,1,0,0,0,0
3,21,2022,17:40,KRBD,180,0,18,1,G,32,10,BKN,19,OVC,25,,,22,0,18,2957,160,39,0,,,0,1,0,0,0,0
3,21,2022,17:50,KRBD,190,10,13,-5,G,29,10,BKN,17,OVC,25,,,22,0,18,2959,160,39,0,,13,0,1,0,0,0,0
3,21,2022,18:00,KRBD,280,90,18,5,G,25,10,BKN,18,OVC,25,,,19,-3,16,2963,,,1,,,0,1,1,0,0,0
3,21,2022,18:10,KRBD,280,0,11,-7,G,28,8,FEW,7,BKN,18,OVC,34,16,-3,13,2963,300,28,1,,,0,0,1,0,1,0
3,21,2022,18:20,KRBD,220,-60,8,-3,G,21,1.5,FEW,7,BKN,18,OVC,31,14,-2,12,2966,300,28,1,,,0,1,1,0,1,0
3,21,2022,18:30,KRBD,220,0,3,-5,,0,0.75,FEW,7,BKN,18,OVC,33,14,0,12,2965,300,28,1,,,0,0,1,0,1,0
3,21,2022,15:20,KDFW,150,0,21,-3,G,29,7,OVC,15,,,,,21,0,18,2956,140,31,0,,,0,0,1,0,0,0
3,21,2022,15:30,KDFW,150,0,19,-2,G,29,10,OVC,15,,,,,21,0,18,2956,140,31,0,,,0,0,1,0,0,0
3,21,2022,15:40,KDFW,150,0,23,4,G,33,10,OVC,15,,,,,22,1,19,2955,160,33,0,,,0,0,1,0,0,0
3,21,2022,15:50,KDFW,150,0,22,-1,G,33,7,BKN,15,OVC,37,,,22,0,19,2953,150,33,0,,994,1,0,1,0,0,0
3,21,2022,16:00,KDFW,150,0,23,1,G,34,10,BKN,15,BKN,24,OVC,41,22,0,20,2953,160,34,0,,,0,0,1,0,0,0
3,21,2022,16:10,KDFW,160,10,21,-2,G,33,10,BKN,15,BKN,21,OVC,39,22,0,19,2952,160,34,0,,,0,0,1,0,0,0
3,21,2022,16:20,KDFW,160,0,21,0,G,34,10,BKN,17,OVC,31,,,22,0,19,2951,150,34,0,,,1,0,1,0,0,0
3,21,2022,16:30,KDFW,160,0,28,7,G,38,10,BKN,17,OVC,29,,,22,0,19,2949,160,38,0,,,0,0,1,0,0,0
3,21,2022,16:40,KDFW,160,0,24,-4,G,40,9,BKN,17,OVC,22,,,22,0,19,2948,160,40,0,,,0,0,1,0,0,0
3,21,2022,16:50,KDFW,170,10,21,-3,G,36,10,BKN,18,,,,,22,0,19,2948,160,40,0,,,0,0,1,0,0,0
3,21,2022,17:00,KDFW,170,0,20,-1,G,33,10,BKN,20,OVC,25,,,23,1,19,2951,160,31,0,,,0,1,0,0,0,1
3,21,2022,17:10,KDFW,170,0,25,5,G,34,9,BKN,20,OVC,25,,,23,0,19,2952,170,34,1,CB,,0,0,1,0,0,1
3,21,2022,17:20,KDFW,250,80,26,1,G,43,10,BKN,20,OVC,25,,,22,-1,19,2952,290,43,1,,,0,0,1,0,0,1
3,21,2022,17:30,KDFW,280,30,26,0,G,35,1.5,FEW,10,BKN,20,OVC,37,16,-6,14,2957,290,43,1,,,0,0,1,0,1,1
3,21,2022,17:40,KDFW,230,-50,6,-20,G,29,2,FEW,9,BKN,20,OVC,36,16,0,14,2962,290,43,1,CB,,0,1,1,0,1,1
3,21,2022,17:50,KDFW,220,-10,7,1,,0,1,SCT,9,BKN,18,OVC,46,16,0,14,2963,290,43,1,CB,28,0,0,1,0,1,0
3,21,2022,18:00,KDFW,300,80,6,-1,,0,0.75,SCT,9,BKN,25,OVC,46,15,-1,14,2959,,,1,CB,,1,0,1,0,0,0
3,21,2022,18:10,KDFW,190,-110,5,-1,,0,2,FEW,6,SCT,25,OVC,37,15,0,14,2963,,,1,CB,,0,0,1,0,0,0
3,21,2022,18:20,KDFW,110,-80,5,0,,0,2,OVC,43,,,,,15,0,13,2961,,,1,,,0,0,1,0,0,0
3,21,2022,18:30,KDFW,130,20,10,5,,0,3,FEW,7,SCT,26,OVC,43,14,-1,13,2962,,,1,CB,,0,0,1,0,0,0
3,21,2022,15:20,KFTW,140,0,22,-1,G,33,10,FEW,11,BKN,14,,,22,0,19,2954,140,35,0,,,0,0,0,0,0,0
3,21,2022,15:30,KFTW,140,0,23,1,G,31,10,BKN,13,BKN,21,,,22,0,19,2953,140,35,0,,,0,0,0,0,0,0
3,21,2022,15:40,KFTW,140,0,21,-2,G,32,10,BKN,14,BKN,19,OVC,24,22,0,19,2952,140,35,0,,,0,0,0,0,0,0
3,21,2022,15:50,KFTW,140,0,20,-1,G,30,10,BKN,14,BKN,20,OVC,27,22,0,19,2951,140,35,0,,987,0,0,0,0,0,0
3,21,2022,16:00,KFTW,150,10,24,4,G,33,10,BKN,14,BKN,20,BKN,25,23,1,19,2950,160,33,0,,,0,0,0,0,0,0
3,21,2022,16:10,KFTW,160,10,25,1,G,36,10,SCT,18,BKN,49,BKN,70,22,-1,19,2949,150,36,0,,,0,0,1,0,0,0
3,21,2022,16:20,KFTW,160,0,19,-6,G,33,10,FEW,18,SCT,49,,,23,1,19,2949,150,36,0,,,0,0,1,0,0,1
3,21,2022,16:30,KFTW,160,0,23,4,G,34,10,FEW,20,FEW,49,SCT,70,23,0,19,2947,150,36,0,,,0,0,1,0,0,1
3,21,2022,16:40,KFTW,170,10,23,0,G,34,10,FEW,20,SCT,50,SCT,60,23,0,19,2949,150,36,1,,,0,0,1,0,0,1
3,21,2022,16:50,KFTW,260,90,18,-5,SQ,45,0.75,SCT,15,BKN,23,BKN,50,16,-7,14,2953,270,45,1,,994,0,0,1,0,1,1
3,21,2022,17:00,KFTW,290,30,14,-4,G,22,0.75,BKN,23,BKN,50,,,15,-1,14,2952,,,1,,,0,0,1,0,1,0
3,21,2022,17:10,KFTW,150,-140,12,-2,,0,1.5,FEW,19,BKN,28,OVC,55,15,0,14,2957,,,1,,,0,0,1,0,1,0
3,21,2022,17:20,KFTW,200,50,6,-6,,0,2.5,BKN,39,OVC,70,,,15,0,14,2958,,,1,,,0,0,1,0,1,0
3,21,2022,17:30,KFTW,0,0,0,-6,,0,2,BKN,49,OVC,70,,,14,-1,14,2956,,,1,,,0,0,1,0,1,0
3,21,2022,17:40,KFTW,90,-110,4,4,,0,3,FEW,55,BKN,70,OVC,90,14,0,14,2957,,,1,,,0,0,1,0,1,0
3,21,2022,17:50,KFTW,120,30,13,9,,0,8,FEW,55,BKN,70,OVC,95,14,0,14,2960,,,1,,19,0,0,1,0,1,0
3,21,2022,18:00,KFTW,100,-20,4,-9,,0,8,BKN,70,OVC,95,,,14,0,14,2958,,,1,,,0,0,1,0,0,0
3,21,2022,18:10,KFTW,130,30,5,1,,0,10,SCT,70,BKN,100,BKN,120,14,0,14,2958,,,1,,,0,0,1,0,0,0
3,21,2022,18:20,KFTW,130,0,11,6,,0,10,FEW,70,BKN,85,BKN,110,14,0,14,2960,,,1,,,0,0,1,0,0,0
3,21,2022,18:30,KFTW,110,-20,11,0,,0,10,BKN,80,,,,,14,0,14,2960,,,1,,,0,0,1,0,0,0
4,3,2012,11:00,KDTO,50,-10,12,3,,0,10,OVC,6,,,,,19,0,18,2984,,,0,,,0,0,0,0,0,0
4,3,2012,11:10,KDTO,60,10,14,2,,0,10,OVC,6,,,,,19,0,18,2983,,,0,,,0,0,0,0,0,0
4,3,2012,11:20,KDTO,60,0,11,-3,,0,10,OVC,6,,,,,19,0,18,2982,,,0,,,0,0,0,0,0,0
4,3,2012,11:30,KDTO,70,10,14,3,,0,10,OVC,6,,,,,19,0,18,2981,,,0,,,0,0,1,0,0,0
4,3,2012,11:40,KDTO,70,0,17,3,G,22,10,BKN,6,,,,,19,0,17,2978,,,0,,,1,0,1,0,0,0
4,3,2012,11:50,KDTO,80,10,14,-3,,0,10,SCT,6,,,,,19,0,18,2979,,,0,,,0,0,1,0,0,0
4,3,2012,12:00,KDTO,80,0,11,-3,G,20,10,SCT,6,,,,,19,0,18,2980,,,0,,,0,0,0,0,0,0
4,3,2012,12:10,KDTO,80,0,10,-1,,0,10,BKN,8,,,,,19,0,18,2981,,,0,,,0,0,0,0,0,0
4,3,2012,12:20,KDTO,90,10,8,-2,,0,10,BKN,8,,,,,19,0,18,2980,,,0,,,0,0,0,0,0,0
4,3,2012,12:30,KDTO,90,0,10,2,,0,10,BKN,8,,,,,20,1,18,2979,,,0,,,0,0,0,0,0,0
4,3,2012,12:40,KDTO,90,0,10,0,,0,10,FEW,8,,,,,20,0,18,2978,,,0,,,0,0,0,0,0,0
4,3,2012,12:50,KDTO,70,-20,11,1,,0,10,FEW,110,,,,,20,0,18,2977,,,0,,73,1,0,0,0,0,0
4,3,2012,13:00,KDTO,40,-30,8,-3,G,16,9,FEW,43,BKN,100,,,19,-1,18,2978,,,0,,,0,0,1,0,0,0
4,3,2012,13:10,KDTO,30,-10,8,0,,0,10,BKN,100,,,,,19,0,18,2979,,,1,,,0,0,1,0,0,0
4,3,2012,13:20,KDTO,20,-10,10,2,,0,9,SCT,36,SCT,45,OVC,100,19,0,18,2978,,,1,,,0,0,1,0,0,0
4,3,2012,13:30,KDTO,30,10,9,-1,,0,5,SCT,28,BKN,47,OVC,100,19,0,18,2976,,,1,,,1,0,1,0,0,1
4,3,2012,13:40,KDTO,340,-50,7,-2,,0,8,BKN,20,BKN,33,OVC,50,19,0,18,2977,,,1,,,0,0,1,0,0,1
4,3,2012,13:50,KDTO,350,10,11,4,G,21,6,SCT,12,OVC,24,,,19,0,18,2979,,,1,,79,0,1,1,0,0,1
4,3,2012,14:00,KDTO,180,-170,9,-2,G,16,4,BKN,12,OVC,21,,,19,0,18,2980,,,1,,,0,1,1,0,0,0
4,3,2012,14:10,KDTO,140,-14,5,-4,,0,10,BKN,12,BKN,19,OVC,30,19,0,18,2978,,,1,,,0,0,1,0,0,0
4,3,2012,14:20,KDTO,0,0,0,-5,,0,10,FEW,12,BKN,17,OVC,30,19,0,18,2977,,,1,,,0,0,1,0,0,0
4,3,2012,14:30,KDTO,360,-140,4,4,,0,10,BKN,16,OVC,22,,,19,0,18,2975,,,1,,,1,0,1,0,0,0
4,3,2012,14:40,KDTO,0,0,0,-4,,0,10,BKN,14,OVC,20,,,19,0,18,2975,,,1,,,0,0,1,0,0,0
4,3,2012,14:50,KDTO,40,40,3,3,,0,10,OVC,16,,,,,19,0,18,2977,,,1,,,0,1,1,0,0,0
4,3,2012,15:00,KDTO,50,10,6,3,,0,10,OVC,16,,,,,19,0,18,2977,,,1,,,0,0,1,0,0,0
4,3,2012,15:10,KDTO,330,-80,6,0,,0,10,OVC,14,,,,,19,0,18,2976,,,1,,,0,0,1,0,0,0
4,3,2012,15:20,KDTO,360,30,7,1,,0,10,SCT,9,BKN,14,OVC,19,19,0,17,2975,,,1,,,0,0,1,0,0,0
4,3,2012,15:30,KDTO,330,-30,6,-1,,0,10,BKN,9,OVC,14,,,18,-1,17,2974,,,1,,,0,0,1,0,0,0
4,3,2012,11:00,KTKI,60,-10,9,2,,0,5,OVC,5,,,,,19,0,18,2986,,,0,,,0,0,0,0,0,0
4,3,2012,11:10,KTKI,40,-20,8,-1,G,15,6,OVC,5,,,,,19,0,18,2986,,,0,,,0,0,0,0,0,0
4,3,2012,11:20,KTKI,50,10,10,2,,0,9,OVC,7,,,,,20,1,18,2985,,,0,CIG,,0,0,0,0,0,0
4,3,2012,11:30,KTKI,60,10,9,-1,,0,10,BKN,7,OVC,14,,,20,0,18,2984,,,0,CIG,,0,0,0,0,0,0
4,3,2012,11:40,KTKI,50,-10,12,3,G,16,10,BKN,7,OVC,14,,,21,1,18,2984,,,0,CIG,,0,0,0,0,0,0
4,3,2012,11:50,KTKI,70,20,9,-3,,0,10,BKN,7,OVC,14,,,21,0,18,2984,,,0,,98,0,0,0,0,0,0
4,3,2012,12:00,KTKI,70,0,10,1,,0,10,BKN,9,OVC,17,,,21,0,18,2981,,,0,,,1,0,1,0,0,0
4,3,2012,12:10,KTKI,70,0,7,-3,,0,10,BKN,9,OVC,17,,,21,0,18,2982,,,0,,,0,0,1,0,0,0
4,3,2012,12:20,KTKI,70,0,11,4,G,16,10,BKN,9,OVC,23,,,22,1,18,2982,,,0,,,0,0,1,0,0,0
4,3,2012,12:30,KTKI,70,0,11,0,,0,5,BKN,11,BKN,19,OVC,31,21,-1,18,2981,,,0,,,0,0,1,0,0,0
4,3,2012,12:40,KTKI,60,-10,8,-3,,0,7,FEW,10,BKN,50,OVC,85,21,0,19,2981,,,1,,,0,0,1,0,0,0
4,3,2012,12:50,KTKI,60,0,7,-1,,0,8,FEW,9,BKN,36,OVC,75,21,0,19,2980,,,1,,,0,0,1,0,0,0
4,3,2012,13:00,KTKI,50,-10,8,1,,0,8,FEW,9,SCT,30,BKN,43,21,0,19,2980,,,0,,,0,0,1,0,0,0
4,3,2012,13:10,KTKI,70,20,8,0,,0,8,FEW,9,SCT,27,BKN,37,21,0,19,2979,,,0,,,0,0,1,0,0,0
4,3,2012,13:20,KTKI,40,-30,5,-3,G,15,8,FEW,11,BKN,39,BKN,75,21,0,19,2979,,,0,,,0,0,1,0,0,0
4,3,2012,13:30,KTKI,60,20,7,2,,0,8,FEW,16,SCT,32,BKN,39,21,0,19,2978,,,0,,,0,0,1,0,0,0
4,3,2012,13:40,KTKI,50,-10,8,1,G,14,7,FEW,11,BKN,34,BKN,41,21,0,19,2976,,,0,,,1,0,1,0,0,0
4,3,2012,13:50,KTKI,30,-20,5,-3,,0,7,FEW,11,SCT,32,BKN,41,21,0,19,2977,,,0,,81,0,0,1,0,0,0
4,3,2012,14:00,KTKI,70,40,7,2,G,14,6,SCT,9,BKN,32,BKN,44,21,0,19,2977,,,0,,,0,0,1,0,0,0
4,3,2012,14:10,KTKI,40,-30,10,3,G,14,6,BKN,9,BKN,110,,,21,0,19,2975,,,0,,,0,0,1,0,0,0
4,3,2012,14:20,KTKI,350,-50,7,-3,G,18,4,BKN,7,BKN,100,OVC,120,20,-1,19,2977,,,0,CIG,,0,0,1,0,0,0
4,3,2012,14:30,KTKI,330,-20,5,-2,,0,3,OVC,7,,,,,21,1,19,2982,,,0,CIG,,0,1,1,0,0,0
4,3,2012,14:40,KTKI,290,-40,12,7,,0,1.5,BKN,7,OVC,34,,,21,0,19,2983,,,0,,,0,0,1,0,0,0
4,3,2012,14:50,KTKI,230,-60,13,1,G,22,1,SCT,7,OVC,21,,,19,-2,17,2979,,,0,,,0,0,1,0,0,0
4,3,2012,15:00,KTKI,90,-140,12,-1,G,22,2,BKN,7,OVC,21,,,18,-1,17,2974,,,0,,,1,0,1,0,0,0
4,3,2012,15:10,KTKI,30,-60,6,-6,,0,9,BKN,7,OVC,21,,,19,1,17,2974,,,1,,,0,0,1,0,0,0
4,3,2012,15:20,KTKI,-1,0,4,-2,,0,9,BKN,7,OVC,21,,,19,0,17,2975,,,1,,,0,0,1,0,0,0
4,3,2012,15:30,KTKI,90,60,4,0,,0,9,FEW,9,BKN,110,,,18,-1,17,2975,,,1,,,0,0,1,0,0,0
4,3,2012,11:00,KAFW,80,-30,8,2,,0,4,SCT,19,BKN,23,OVC,75,23,0,19,2982,,,0,,,0,0,1,0,0,0
4,3,2012,11:10,KAFW,40,-40,8,0,,0,3,SCT,19,BKN,27,OVC,55,21,-2,19,2980,,,0,,,1,0,1,0,0,0
4,3,2012,11:20,KAFW,60,20,8,0,,0,3,SCT,17,BKN,23,OVC,55,21,0,19,2978,,,0,,,1,0,1,0,0,0
4,3,2012,11:30,KAFW,60,0,6,-2,,0,3,SCT,17,BKN,21,OVC,26,21,0,19,2978,,,0,,,0,0,1,0,0,0
4,3,2012,11:40,KAFW,60,0,9,3,,0,3,OVC,19,,,,,22,1,19,2978,,,0,,,0,0,1,0,0,0
4,3,2012,11:50,KAFW,50,-10,5,-4,,0,3,OVC,19,,,,,22,0,19,2980,,,0,,80,0,0,1,0,0,0
4,3,2012,12:00,KAFW,20,-30,7,2,,0,3,OVC,19,,,,,22,0,19,2979,,,0,,,0,0,0,0,0,0
4,3,2012,12:10,KAFW,40,20,8,1,,0,4,OVC,17,,,,,21,-1,19,2979,,,0,,,0,0,0,0,0,0
4,3,2012,12:20,KAFW,60,20,9,1,,0,3,BKN,17,OVC,23,,,21,0,19,2977,,,0,,,0,0,0,0,0,0
4,3,2012,12:30,KAFW,40,-20,11,2,,0,4,BKN,19,BKN,25,OVC,33,20,-1,18,2977,,,0,,,0,0,0,0,0,0
4,3,2012,12:40,KAFW,70,30,12,1,,0,4,BKN,21,OVC,29,,,20,0,18,2975,,,0,,,0,0,1,0,0,0
4,3,2012,12:50,KAFW,80,10,9,-3,,0,2.5,SCT,19,BKN,25,OVC,32,21,1,19,2975,,,0,,,0,0,1,0,0,0
4,3,2012,13:00,KAFW,110,30,9,0,G,16,1.5,SCT,19,BKN,24,OVC,45,20,-1,19,2978,,,1,,,0,1,1,0,0,0
4,3,2012,13:10,KAFW,-1,0,4,-5,,0,0.5,FEW,19,BKN,42,OVC,55,20,0,19,2979,,,1,,,0,0,1,0,0,0
4,3,2012,13:20,KAFW,70,-40,5,1,,0,0.25,FEW,18,BKN,36,OVC,47,19,-1,19,2975,,,1,,,0,0,1,0,0,0
4,3,2012,13:30,KAFW,0,0,0,-5,,0,0.5,BKN,34,,,,,19,0,19,2978,,,1,,,0,0,1,0,0,0
4,3,2012,13:40,KAFW,340,-90,5,5,,0,0.5,FEW,13,OVC,33,,,19,0,18,2977,,,1,,,0,0,1,0,0,0
4,3,2012,13:50,KAFW,340,0,7,2,,0,1.5,FEW,13,BKN,13,OVC,31,19,0,18,2977,,,1,,,0,0,1,0,0,0
4,3,2012,14:00,KAFW,350,10,4,-3,,0,2.5,SCT,5,BKN,13,OVC,27,19,0,19,2977,,,1,,,0,0,1,0,0,0
4,3,2012,14:10,KAFW,-1,0,4,0,,0,3,SCT,5,BKN,13,OVC,27,20,1,19,2978,,,1,,,0,0,1,0,0,0
4,3,2012,14:20,KAFW,0,0,0,-4,,0,3,SCT,5,BKN,13,OVC,27,19,-1,17,2977,,,1,,,0,0,1,0,0,0
4,3,2012,14:30,KAFW,340,-10,6,6,,0,5,FEW,7,BKN,12,OVC,70,19,0,17,2973,,,1,,,1,0,1,0,0,0
4,3,2012,14:40,KAFW,0,0,0,-6,,0,5,SCT,12,SCT,48,BKN,65,19,0,17,2975,,,1,,,0,0,1,0,0,0
4,3,2012,14:50,KAFW,40,60,4,4,,0,5,FEW,12,SCT,60,SCT,75,19,0,18,2974,,,1,,64,0,0,1,0,0,0
4,3,2012,15:00,KAFW,320,-80,3,-1,,0,5,FEW,60,,,,,19,0,18,2976,,,0,,,0,0,0,0,0,0
4,3,2012,15:10,KAFW,350,30,5,2,,0,5,FEW,13,,,,,19,0,18,2975,,,0,,,0,0,0,0,0,0
4,3,2012,15:20,KAFW,340,-10,6,1,,0,6,BKN,13,BKN,19,,,19,0,17,2975,,,0,,,0,0,0,0,0,0
4,3,2012,15:30,KAFW,350,10,5,-1,,0,6,SCT,13,SCT,19,BKN,23,19,0,17,2975,,,0,,,0,0,0,0,0,0
4,3,2012,11:00,KGKY,100,0,7,0,,0,7,FEW,17,SCT,25,BKN,70,24,0,20,2982,,,0,,,0,0,0,0,0,0
4,3,2012,11:10,KGKY,90,-10,8,1,,0,7,FEW,15,SCT,65,BKN,80,24,0,20,2980,,,0,,,0,0,0,0,0,0
4,3,2012,11:20,KGKY,100,10,10,2,,0,8,SCT,70,,,,,26,2,20,2979,,,0,,,1,0,0,0,0,0
4,3,2012,11:30,KGKY,110,10,12,2,G,18,8,FEW,23,SCT,75,,,25,-1,20,2978,,,0,,,0,0,0,0,0,0
4,3,2012,11:40,KGKY,110,0,8,-2,G,16,7,FEW,29,,,,,25,0,20,2978,,,0,,,0,0,0,0,0,0
4,3,2012,11:50,KGKY,100,-10,8,0,G,15,7,FEW,19,SCT,29,BKN,46,25,0,20,2978,,,0,,76,0,0,0,0,0,1
4,3,2012,12:00,KGKY,100,0,10,2,,0,6,FEW,19,SCT,38,BKN,48,24,-1,20,2978,,,1,,,0,0,0,0,0,1
4,3,2012,12:10,KGKY,110,10,8,-2,,0,6,SCT,20,BKN,48,OVC,90,24,0,21,2977,,,1,,,0,0,1,0,0,1
4,3,2012,12:20,KGKY,90,-20,10,2,,0,7,FEW,20,BKN,45,OVC,9,24,0,21,2977,,,1,,,0,0,1,0,0,1
4,3,2012,12:30,KGKY,90,0,15,5,G,19,7,FEW,23,SCT,35,BKN,45,24,0,21,2975,,,1,,,0,0,1,0,0,1
4,3,2012,12:40,KGKY,120,30,14,-1,,0,5,SCT,27,BKN,45,OVC,95,23,-1,20,2973,,,1,,,0,0,1,0,0,1
4,3,2012,12:50,KGKY,130,10,6,-8,,0,8,SCT,24,BKN,38,OVC,90,23,0,20,2976,,,1,,70,0,0,1,0,0,1
4,3,2012,13:00,KGKY,110,-20,7,1,,0,8,FEW,24,BKN,35,OVC,110,23,0,20,2976,,,0,,,0,0,0,0,0,1
4,3,2012,13:10,KGKY,100,-10,7,0,,0,8,SCT,26,BKN,35,OVC,100,23,0,20,2974,,,0,,,0,0,0,0,0,0
4,3,2012,13:20,KGKY,120,20,15,8,G,31,3,FEW,25,BKN,37,OVC,100,23,0,20,2975,130,31,1,,,0,0,0,0,0,0
4,3,2012,13:30,KGKY,140,20,10,-5,G,26,0.5,SCT,16,BKN,30,OVC,50,22,-1,20,2974,130,31,1,,,0,0,1,0,0,0
4,3,2012,13:40,KGKY,140,0,13,3,G,16,8,FEW,10,BKN,46,OVC,55,22,0,19,2974,130,31,1,,,0,0,1,0,0,0
4,3,2012,13:50,KGKY,260,120,7,-6,G,20,0.75,SCT,14,BKN,33,OVC,50,21,-1,19,2977,130,31,1,,75,0,0,1,0,1,0
4,3,2012,14:00,KGKY,160,-100,3,-4,,0,0.75,SCT,27,BKN,46,OVC,55,20,-1,19,2978,,,1,,,0,0,1,0,0,0
4,3,2012,14:10,KGKY,280,120,5,2,,0,1.5,SCT,28,BKN,39,OVC,70,19,-1,19,2974,,,1,,,0,0,1,0,0,0
4,3,2012,14:20,KGKY,0,0,0,-5,,0,10,SCT,41,BKN,50,BKN,80,19,0,19,2975,,,1,,,0,0,1,0,0,0
4,3,2012,14:30,KGKY,0,0,0,0,,0,10,FEW,39,BKN,49,BKN,60,19,0,19,2975,,,1,,,0,0,1,0,0,0
4,3,2012,14:40,KGKY,10,90,6,6,,0,10,SCT,45,BKN,55,BKN,80,20,1,19,2974,,,1,,,0,0,1,0,0,0
4,3,2012,14:50,KGKY,10,0,5,-1,,0,10,SCT,45,BKN,60,,,20,0,19,2973,,,0,,59,0,0,1,0,0,0
4,3,2012,15:00,KGKY,70,60,9,4,,0,7,FEW,6,SCT,45,BKN,100,20,0,19,2975,,,0,,,0,0,0,0,0,0
4,3,2012,15:10,KGKY,40,-30,7,-2,,0,5,BKN,4,BKN,45,BKN,100,19,-1,19,2972,,,0,,,0,0,0,0,0,0
4,3,2012,15:20,KGKY,70,30,5,-2,,0,8,BKN,6,BKN,60,OVC,100,19,0,18,2974,,,1,CIG,,0,0,0,0,0,0
4,3,2012,15:30,KGKY,40,-30,4,-1,,0,7,OVC,6,,,,,19,0,19,2973,,,1,,,0,0,0,0,0,0
4,3,2012,11:00,KDAL,110,-30,6,-1,,0,9,SCT,16,BKN,70,,,24,0,20,2982,,,0,,,0,0,0,0,0,0
4,3,2012,11:10,KDAL,120,10,8,2,,0,4,SCT,15,BKN,55,OVC,80,24,0,20,2982,,,0,CB,,0,0,1,0,0,0
4,3,2012,11:20,KDAL,120,0,9,1,,0,6,SCT,18,BKN,55,OVC,80,23,-1,21,2982,,,0,CB,,0,0,1,0,0,0
4,3,2012,11:30,KDAL,120,0,9,0,,0,7,SCT,18,BKN,55,BKN,80,24,1,21,2980,,,0,CB,,0,0,1,0,0,0
4,3,2012,11:40,KDAL,100,-20,9,0,,0,6,SCT,18,BKN,55,BKN,80,24,0,22,2979,,,0,TCU,,1,0,1,0,0,0
4,3,2012,11:50,KDAL,110,10,9,0,,0,6,FEW,18,BKN,36,BKN,49,25,1,22,2979,,,0,TCU,81,0,0,1,0,0,1
4,3,2012,12:00,KDAL,110,0,9,0,,0,6,FEW,19,SCT,32,BKN,49,25,0,21,2979,,,0,CB,,0,0,0,0,0,1
4,3,2012,12:10,KDAL,110,0,10,1,,0,6,FEW,19,SCT,32,BKN,49,25,0,21,2979,,,0,CB,,0,0,1,0,0,1
4,3,2012,12:20,KDAL,130,20,8,-2,,0,6,FEW,19,SCT,35,BKN,49,24,-1,21,2979,,,0,CB,,0,0,1,0,0,0
4,3,2012,12:30,KDAL,120,-10,11,3,G,18,5,SCT,24,BKN,33,OVC,65,25,1,20,2978,,,1,CB,,0,0,1,0,0,0
4,3,2012,12:40,KDAL,130,10,13,2,G,19,5,SCT,24,BKN,33,OVC,65,24,-1,20,2978,,,1,CB,,0,0,1,0,0,1
4,3,2012,12:50,KDAL,130,0,12,-1,,0,7,SCT,24,BKN,31,BKN,55,24,0,20,2975,,,1,CB,68,1,0,1,0,0,1
4,3,2012,13:00,KDAL,120,-10,9,-3,,0,9,FEW,24,SCT,60,SCT,70,24,0,20,2978,,,1,,,0,0,0,0,0,1
4,3,2012,13:10,KDAL,110,-10,11,2,,0,9,FEW,24,SCT,49,BKN,60,23,-1,20,2976,,,1,CB,,0,0,1,0,0,1
4,3,2012,13:20,KDAL,110,0,7,-4,,0,8,FEW,24,SCT,50,BKN,60,23,0,20,2975,,,1,CB,,0,0,1,0,0,1
4,3,2012,13:30,KDAL,110,0,5,-2,,0,8,FEW,24,SCT,50,BKN,60,23,0,20,2974,,,1,CB,,0,0,1,0,0,1
4,3,2012,13:40,KDAL,40,-70,6,1,,0,6,SCT,34,BKN,60,BKN,110,23,0,20,2974,,,1,,,0,0,1,0,0,0
4,3,2012,13:50,KDAL,10,-30,8,2,,0,6,SCT,34,BKN,60,BKN,110,22,-1,20,2973,,,1,,61,0,0,1,0,0,0
4,3,2012,14:00,KDAL,10,0,5,-3,,0,5,BKN,24,BKN,37,OVC,90,21,-1,20,2977,,,1,,,0,1,1,0,0,0
4,3,2012,14:10,KDAL,330,-40,14,9,G,22,3,FEW,18,BKN,29,OVC,90,21,0,19,2978,,,1,CB,,0,0,1,0,0,1
4,3,2012,14:20,KDAL,360,30,10,-4,G,16,7,FEW,18,BKN,29,OVC,90,19,-2,18,2975,,,1,CB,,0,0,1,0,0,1
4,3,2012,14:30,KDAL,40,40,6,-4,,0,7,FEW,18,BKN,29,OVC,90,19,0,18,2976,,,1,CB,,0,0,1,0,0,1
4,3,2012,14:40,KDAL,70,30,6,0,,0,2,FEW,18,BKN,29,OVC,90,19,0,19,2975,,,1,CB,,0,0,1,0,0,0
4,3,2012,14:50,KDAL,320,-110,5,-1,,0,2,FEW,18,BKN,29,OVC,90,20,1,19,2975,,,1,CB,69,0,0,1,0,0,0
4,3,2012,15:00,KDAL,230,-90,3,-2,,0,7,FEW,18,BKN,29,OVC,90,20,0,19,2975,,,1,CB,,0,0,1,0,0,0
4,3,2012,15:10,KDAL,310,80,3,0,,0,7,FEW,18,BKN,29,OVC,90,20,0,19,2973,,,1,CB,,0,0,1,0,0,0
4,3,2012,15:20,KDAL,320,10,6,3,,0,7,FEW,18,BKN,29,OVC,90,20,0,18,2974,,,1,CB,,0,0,1,0,0,0
4,3,2012,15:30,KDAL,40,80,3,-3,,0,10,FEW,18,BKN,29,OVC,90,19,-1,18,2973,,,1,CB,,0,0,1,0,0,0
4,3,2012,11:00,KRBD,80,-10,7,2,,0,4,SCT,13,BKN,21,OVC,38,23,0,21,2982,,,0,,,0,0,1,0,0,0
4,3,2012,11:10,KRBD,80,0,10,3,,0,5,SCT,15,BKN,30,OVC,47,24,1,21,2981,,,0,,,0,0,1,0,0,0
4,3,2012,11:20,KRBD,80,0,8,-2,,0,6,FEW,15,BKN,22,OVC,42,24,0,21,2981,,,0,,,0,0,1,0,0,0
4,3,2012,11:30,KRBD,90,1,10,2,,0,6,SCT,15,BKN,22,OVC,41,24,0,21,2979,,,0,,,1,0,1,0,0,0
4,3,2012,11:40,KRBD,120,30,9,-1,,0,5,SCT,15,BKN,26,OVC,50,24,0,21,2979,,,0,,,0,0,1,0,0,0
4,3,2012,11:50,KRBD,120,0,9,0,,0,6,BKN,15,BKN,25,OVC,55,24,0,21,2978,,,0,,77,0,0,1,0,0,1
4,3,2012,12:00,KRBD,120,0,10,1,,0,6,BKN,18,BKN,29,OVC,70,24,0,21,2978,,,0,,,0,0,0,0,0,1
4,3,2012,12:10,KRBD,150,30,9,-1,G,16,6,BKN,18,BKN,29,OVC,55,24,0,21,2979,,,0,,,0,0,1,0,0,1
4,3,2012,12:20,KRBD,120,-30,9,0,,0,5,SCT,16,BKN,32,OVC,70,23,-1,21,2978,,,0,,,0,0,1,0,0,0
4,3,2012,12:30,KRBD,130,10,7,-2,,0,3,SCT,19,BKN,33,OVC,70,23,0,21,2977,,,0,,,0,0,1,0,0,0
4,3,2012,12:40,KRBD,100,-30,8,1,,0,4,FEW,20,SCT,55,BKN,70,23,0,21,2977,,,0,,,0,0,1,0,0,1
4,3,2012,12:50,KRBD,110,10,8,0,,0,5,FEW,20,SCT,95,,,23,0,21,2974,,,0,,63,0,0,1,0,0,1
4,3,2012,13:00,KRBD,130,20,6,-2,,0,5,FEW,90,,,,,23,0,21,2977,,,0,,,0,0,0,0,0,1
4,3,2012,13:10,KRBD,90,-40,8,2,,0,5,FEW,23,SCT,85,SCT,100,23,0,21,2974,,,0,,,0,0,0,0,0,0
4,3,2012,13:20,KRBD,110,20,8,0,,0,4,FEW,30,SCT,50,BKN,85,23,0,21,2973,,,0,,,0,0,1,0,0,0
4,3,2012,13:30,KRBD,100,-10,6,-2,,0,2.5,FEW,30,SCT,55,BKN,90,23,0,21,2973,,,0,,,0,0,1,0,0,0
4,3,2012,13:40,KRBD,10,-90,8,2,,0,1.25,FEW,25,BKN,43,OVC,90,23,0,21,2970,,,0,,,1,0,1,0,0,0
4,3,2012,13:50,KRBD,260,-110,13,5,,0,2.5,FEW,16,BKN,23,OVC,80,22,-1,21,2973,,,0,,62,0,0,1,0,0,0
4,3,2012,14:00,KRBD,300,40,9,-4,,0,2,FEW,16,BKN,23,BKN,37,22,0,20,2974,,,0,,,0,0,1,0,0,0
4,3,2012,14:10,KRBD,310,10,5,-4,,0,6,FEW,16,OVC,23,,,22,0,19,2975,,,0,,,0,0,1,0,0,0
4,3,2012,14:20,KRBD,270,-40,10,5,G,19,6,FEW,14,BKN,23,OVC,44,21,-1,19,2976,,,0,,,0,0,1,0,0,0
4,3,2012,14:30,KRBD,-1,0,5,-5,,0,1.5,FEW,7,BKN,23,OVC,30,21,0,18,2976,,,0,,,0,0,1,0,0,0
4,3,2012,14:40,KRBD,120,-150,6,1,,0,0.5,SCT,10,BKN,21,OVC,28,19,-2,18,2976,,,0,,,0,0,1,0,0,0
4,3,2012,14:50,KRBD,-1,0,4,-2,,0,1.75,SCT,12,BKN,32,OVC,65,20,1,18,2977,,,0,,,0,0,1,0,0,0
4,3,2012,15:00,KRBD,0,0,0,-4,,0,4,FEW,12,BKN,65,OVC,100,20,0,18,2972,,,0,,,1,0,1,0,0,0
4,3,2012,15:10,KRBD,0,0,0,0,,0,9,FEW,33,BKN,48,OVC,95,20,0,18,2972,,,0,,,0,0,1,0,0,0
4,3,2012,15:20,KRBD,130,10,4,4,,0,10,BKN,40,BKN,50,OVC,75,20,0,18,2974,,,0,,,0,0,1,0,0,0
4,3,2012,15:30,KRBD,240,110,3,-1,,0,7,BKN,39,BKN,50,OVC,100,20,0,18,2974,,,0,,,0,0,1,0,0,0
4,3,2012,11:50,KDFW,110,10,10,0,,0,8,BKN,80,OVC,300,,,25,1,21,2978,,,0,,76,0,0,0,0,0,0
4,3,2012,12:00,KDFW,100,-10,12,2,G,17,8,SCT,85,OVC,300,,,25,0,21,2978,,,0,,,0,0,0,0,0,0
4,3,2012,12:10,KDFW,110,10,9,-3,,0,8,FEW,19,BKN,85,OVC,300,24,-1,20,2978,,,0,,,0,0,0,0,0,1
4,3,2012,12:20,KDFW,110,0,10,1,,0,7,FEW,20,SCT,85,OVC,300,24,0,21,2978,,,0,,,0,0,0,0,0,1
4,3,2012,12:30,KDFW,120,10,9,-1,,0,7,SCT,23,OVC,90,,,24,0,20,2978,,,1,CB,,0,0,0,0,0,1
4,3,2012,12:40,KDFW,110,-10,6,-3,,0,6,SCT,23,OVC,90,,,24,0,21,2976,,,1,CB,,0,0,1,0,0,1
4,3,2012,12:50,KDFW,110,0,5,-1,,0,1,FEW,23,BKN,65,OVC,85,23,-1,21,2975,,,1,CB,67,1,0,1,0,0,1
4,3,2012,13:00,KDFW,360,-110,5,0,,0,0.5,FEW,23,BKN,43,OVC,85,22,-1,21,2976,,,1,CB,,0,0,1,1,0,1
4,3,2012,13:10,KDFW,330,-30,17,12,G,23,0.5,BKN,23,OVC,70,,,21,-1,21,2973,,,1,CB,,0,0,1,1,1,1
4,3,2012,13:20,KDFW,30,60,17,0,G,30,1,FEW,4,OVC,23,,,18,-3,17,2975,,,1,CB,,0,0,1,1,1,1
4,3,2012,13:30,KDFW,20,-10,10,-7,,0,1.75,FEW,4,OVC,20,,,19,1,18,2972,,,1,CB,,0,0,1,1,1,1
4,3,2012,13:40,KDFW,130,110,9,-1,G,15,4,FEW,4,BKN,31,OVC,44,19,0,18,2973,280,30,1,CB,,0,0,1,1,1,0
4,3,2012,13:50,KDFW,280,150,14,5,,0,1.5,FEW,4,BKN,31,OVC,44,19,0,18,2978,280,30,1,CB,79,0,0,1,1,1,0
4,3,2012,14:00,KDFW,310,30,14,0,G,30,1.25,FEW,9,BKN,21,OVC,41,19,0,18,2977,280,27,1,CB,,0,0,1,0,0,0
4,3,2012,14:10,KDFW,20,-70,5,-9,,0,1.5,FEW,9,BKN,21,OVC,41,18,-1,8,2975,280,27,1,CB,,0,0,1,0,0,0
4,3,2012,14:20,KDFW,40,20,8,3,,0,1.5,FEW,9,BKN,21,OVC,41,18,0,18,2973,280,27,1,CB,,0,0,1,0,0,0
4,3,2012,14:30,KDFW,40,0,0,-8,,0,9,FEW,24,BKN,70,BKN,95,19,1,18,2974,280,27,1,,,0,0,1,0,0,0
4,3,2012,14:40,KDFW,80,40,4,4,,0,9,SCT,25,SCT,35,SCT,70,19,0,18,2976,280,27,1,,,0,0,1,0,0,0
4,3,2012,14:50,KDFW,70,-10,7,3,,0,7,BKN,23,,,,,19,0,18,2975,280,27,1,,66,0,0,1,0,0,0
4,3,2012,15:00,KDFW,90,20,8,1,,0,7,FEW,8,BKN,23,,,19,0,18,2975,,,0,,,0,0,0,0,0,0
4,3,2012,15:10,KDFW,70,-20,6,-2,,0,8,FEW,8,BKN,23,,,19,0,18,2973,,,0,,,0,0,0,0,0,0
4,3,2012,15:20,KDFW,80,10,4,-2,,0,8,FEW,8,BKN,23,,,19,0,18,2972,,,0,,,0,0,0,0,0,0
4,3,2012,15:30,KDFW,60,-20,5,1,,0,8,SCT,20,BKN,60,BKN,80,19,0,18,2971,,,0,,,0,0,0,0,0,0
4,3,2012,11:00,KFTW,130,20,11,3,,0,5,BKN,20,BKN,27,BKN,60,23,0,20,2980,,,0,,,0,0,0,0,0,0
4,3,2012,11:10,KFTW,110,-20,12,1,,0,5,SCT,20,BKN,60,BKN,90,23,0,20,2978,,,0,,,1,0,0,0,0,0
4,3,2012,11:20,KFTW,100,-10,13,1,,0,5,BKN,20,BKN,60,BKN,90,23,0,20,2977,,,0,,,0,0,0,0,0,0
4,3,2012,11:30,KFTW,120,10,10,-3,,0,5,BKN,20,BKN,60,BKN,90,23,0,20,2978,,,0,,,0,0,0,0,0,0
4,3,2012,11:40,KFTW,130,-10,12,2,G,16,5,BKN,20,BKN,60,BKN,90,23,0,20,2977,,,0,,,0,0,0,0,0,0
4,3,2012,11:50,KFTW,100,-30,8,-4,G,16,5,BKN,20,BKN,60,BKN,90,23,0,20,2978,,,0,,77,0,0,0,0,0,0
4,3,2012,12:00,KFTW,120,20,9,1,,0,5,BKN,20,BKN,30,OVC,38,23,0,20,2978,,,0,,,0,0,0,0,0,0
4,3,2012,12:10,KFTW,100,-20,10,1,,0,5,BKN,20,BKN,28,,,23,0,20,2977,,,0,,,0,0,0,0,0,1
4,3,2012,12:20,KFTW,120,20,10,0,,0,5,BKN,22,BKN,46,OVC,85,23,0,20,2977,,,0,,,0,0,0,0,0,1
4,3,2012,12:30,KFTW,120,0,9,-1,G,19,4,BKN,19,BKN,29,OVC,60,23,0,20,2977,,,0,,,0,0,1,0,0,1
4,3,2012,12:40,KFTW,120,0,14,5,,0,4,BKN,21,BKN,31,OVC,65,22,-1,21,2974,,,0,,,1,0,1,0,0,0
4,3,2012,12:50,KFTW,90,-30,11,-3,,0,4,FEW,9,BKN,50,OVC,60,22,0,21,2975,,,1,,67,0,0,1,0,0,0
4,3,2012,13:00,KFTW,90,0,0,-11,,0,1.5,FEW,10,BKN,36,OVC,60,20,-2,18,2977,,,1,,,0,0,1,0,0,0
4,3,2012,13:10,KFTW,90,0,0,0,,0,1,FEW,10,BKN,34,OVC,50,19,-1,18,2977,,,1,,,0,0,1,0,0,0
4,3,2012,13:20,KFTW,90,0,0,0,,0,1,BKN,16,BKN,28,OVC,35,18,-1,17,2977,,,1,,,0,0,1,0,0,0
4,3,2012,13:30,KFTW,80,-10,6,6,,0,1,BKN,23,BKN,35,OVC,90,18,0,18,2976,,,1,,,0,0,1,0,0,0
4,3,2012,13:40,KFTW,320,-120,3,-3,,0,5,SCT,12,BKN,21,BKN,46,18,0,18,2977,,,1,,,0,0,1,0,0,0
4,3,2012,13:50,KFTW,330,10,3,0,,0,5,BKN,10,BKN,33,BKN,75,18,0,18,2978,,,1,,78,0,0,1,0,0,0
4,3,2012,14:00,KFTW,330,0,0,-3,,0,7,BKN,10,OVC,14,,,19,1,18,2977,,,0,,,0,0,1,0,0,0
4,3,2012,14:10,KFTW,0,0,0,0,,0,4,BKN,10,OVC,36,,,19,0,18,2976,,,0,,,0,0,1,0,0,0
4,3,2012,14:20,KFTW,30,-60,5,5,,0,6,SCT,10,BKN,38,OVC,60,19,0,18,2975,,,0,,,0,0,1,0,0,0
4,3,2012,14:30,KFTW,360,-30,4,-1,,0,5,SCT,12,BKN,38,OVC,60,19,0,18,2974,,,0,,,0,0,1,0,0,0
4,3,2012,14:40,KFTW,0,0,0,-4,,0,5,FEW,49,BKN,49,OVC,65,19,0,18,2974,,,0,,,0,0,0,0,0,0
4,3,2012,14:50,KFTW,0,0,0,0,,0,5,BKN,12,BKN,47,BKN,70,19,0,18,2975,,,0,,,0,0,1,0,0,0
4,3,2012,15:00,KFTW,350,-10,7,7,,0,5,SCT,8,BKN,12,OVC,60,19,0,18,2973,,,0,,,0,0,0,0,0,0
4,3,2012,15:10,KFTW,330,-20,5,-2,,0,5,SCT,9,BKN,13,OVC,60,19,0,18,2975,,,0,,,0,0,0,0,0,0
4,3,2012,15:20,KFTW,330,0,7,2,,0,10,BKN,9,BKN,15,,,19,0,18,2974,,,0,CIG,,0,0,0,0,0,0
4,3,2012,15:30,KFTW,320,-10,7,0,,0,9,BKN,12,,,,,19,0,18,2974,,,0,,,0,0,0,0,0,0
3,29,2017,0:10,KDTO,130,-10,15,-3,G,23,10,CLR,,,,,,22,0,17,2964,,,0,,,0,0,0,0,0,0
3,29,2017,0:20,KDTO,140,10,13,-2,G,24,10,SCT,29,,,,,22,0,17,2965,,,0,,,0,0,0,0,0,0
3,29,2017,0:30,KDTO,160,20,14,1,,0,10,SCT,29,BKN,50,,,22,0,17,2967,,,0,,,0,1,0,0,0,0
3,29,2017,0:40,KDTO,150,-10,13,-1,,0,10,BKN,29,OVC,50,,,22,0,17,2967,,,0,,,0,0,0,0,0,0
3,29,2017,0:50,KDTO,150,0,17,4,G,24,10,BKN,27,BKN,34,OVC,50,22,0,18,2966,,,0,,36,0,0,0,0,0,0
3,29,2017,1:00,KDTO,160,10,16,-1,,0,10,SCT,27,BKN,32,OVC,50,22,0,18,2966,,,0,,,0,0,0,0,0,0
3,29,2017,1:10,KDTO,150,-10,17,1,G,28,10,SCT,27,BKN,33,OVC,47,22,0,18,2964,140,28,0,,,0,0,1,0,0,0
3,29,2017,1:20,KDTO,150,0,15,-2,,0,10,BKN,27,BKN,42,OVC,49,22,0,18,2963,140,28,0,,,1,0,1,0,0,1
3,29,2017,1:30,KDTO,160,10,25,10,G,50,8,FEW,24,BKN,29,OVC,60,21,-1,18,2966,170,50,0,,,0,1,1,0,0,1
3,29,2017,1:40,KDTO,270,110,27,2,G,54,0.75,FEW,14,BKN,27,OVC,43,15,-6,14,2967,270,54,1,,,0,0,1,0,1,1
3,29,2017,1:50,KDTO,270,0,23,-4,G,38,2,FEW,22,BKN,35,OVC,70,15,0,15,2971,270,54,1,,,0,0,1,0,1,0
3,29,2017,2:00,KDTO,270,0,19,-4,G,31,8,SCT,31,OVC,85,,,15,0,15,2973,280,31,1,,,0,0,1,0,0,0
3,29,2017,2:10,KDTO,290,20,18,-1,G,26,10,FEW,44,OVC,80,,,15,0,15,2973,280,31,1,,,0,0,1,0,0,0
3,29,2017,2:20,KDTO,300,10,16,-2,G,26,7,OVC,85,,,,,16,1,15,2972,280,31,1,,,0,0,1,0,0,0
3,29,2017,2:30,KDTO,300,0,16,0,,0,8,OVC,95,,,,,15,-1,15,2972,280,31,1,,,0,0,1,0,0,0
3,29,2017,0:10,KTKI,150,0,13,0,,0,10,SCT,29,BKN,35,OVC,60,22,0,17,2969,,,0,,,0,0,0,0,0,0
3,29,2017,0:20,KTKI,140,-10,11,-2,,0,10,BKN,30,BKN,43,OVC,60,22,0,18,2969,,,0,,,0,0,0,0,0,0
3,29,2017,0:30,KTKI,140,0,14,3,,0,10,BKN,32,BKN,42,OVC,60,22,0,18,2968,,,0,,,0,0,0,0,0,0
3,29,2017,0:40,KTKI,140,0,13,-1,,0,10,BKN,29,BKN,40,OVC,60,22,0,17,2967,,,0,,,0,0,0,0,0,0
3,29,2017,1:20,KTKI,170,30,11,-2,,0,10,SCT,27,BKN,39,OVC,55,21,-1,18,2970,,,0,,,0,0,0,0,0,0
3,29,2017,1:30,KTKI,150,-20,13,2,,0,10,BKN,27,BKN,38,OVC,50,21,0,18,2969,,,0,,,0,0,0,0,0,0
3,29,2017,1:40,KTKI,150,0,12,-1,,0,10,SCT,25,BKN,41,OVC,50,21,0,18,2969,,,0,,,0,0,0,0,0,0
3,29,2017,1:50,KTKI,150,0,15,3,,0,10,SCT,26,BKN,38,OVC,55,21,0,18,2968,,,0,,49,0,0,1,0,0,0
3,29,2017,2:00,KTKI,150,0,16,1,,0,10,FEW,26,BKN,48,OVC,65,21,0,18,2968,,,0,,,0,0,1,0,0,0
3,29,2017,2:10,KTKI,240,90,14,-2,G,46,2,SCT,25,BKN,35,OVC,49,16,-5,13,,250,46,1,,,0,0,1,0,1,0
3,29,2017,2:20,KTKI,220,-20,14,0,G,22,3,SCT,16,BKN,32,OVC,47,16,0,14,,250,46,1,,,0,0,1,0,1,0
3,29,2017,2:30,KTKI,280,60,12,-2,G,20,3,FEW,14,SCT,25,OVC,44,16,0,15,,250,46,1,,,0,0,1,0,1,0
3,29,2017,0:10,KAFW,150,20,18,1,G,24,10,FEW,35,,,,,22,0,17,2964,,,0,,,0,0,0,0,0,0
3,29,2017,0:20,KAFW,160,10,14,-4,G,23,10,SCT,25,,,,,22,0,17,2965,,,0,,,0,1,0,0,0,0
3,29,2017,0:30,KAFW,170,10,12,-2,G,18,10,BKN,26,BKN,43,,,22,0,18,2967,,,0,CB,,0,1,0,0,0,0
3,29,2017,0:40,KAFW,160,-10,13,1,G,21,10,BKN,25,OVC,40,,,22,0,18,2967,,,0,CB,,0,0,0,0,0,0
3,29,2017,0:50,KAFW,150,-10,17,4,G,28,10,BKN,25,OVC,40,,,22,0,18,2965,140,28,0,CB,31,0,0,0,0,0,1
3,29,2017,1:00,KAFW,160,10,15,-2,G,23,10,BKN,25,OVC,40,,,22,0,18,2964,,,0,CB,,1,0,1,0,0,1
3,29,2017,1:10,KAFW,160,0,15,1,G,26,10,BKN,25,OVC,44,,,22,0,18,2965,160,26,1,CB,,0,0,1,0,0,1
3,29,2017,1:20,KAFW,260,100,27,12,G,43,1,BKN,25,OVC,44,,,18,-4,16,2976,250,43,1,CB,,0,1,1,0,1,1
3,29,2017,1:30,KAFW,270,10,20,-7,G,43,0.75,BKN,15,BKN,24,OVC,34,16,-2,14,2972,260,43,1,CB,,0,0,1,0,1,0
3,29,2017,1:40,KAFW,290,20,16,-4,G,29,3,FEW,19,BKN,34,OVC,70,16,0,15,2971,260,43,1,CB,,0,0,1,0,1,0
3,29,2017,1:50,KAFW,280,-10,19,3,G,29,6,FEW,20,SCT,30,BKN,70,16,0,15,2973,260,43,1,CB,60,0,0,1,0,1,0
3,29,2017,2:00,KAFW,300,20,12,-7,G,21,5,FEW,20,SCT,30,BKN,70,16,0,15,2974,,,1,CB,,0,0,1,0,0,0
3,29,2017,2:10,KAFW,290,-10,13,1,G,22,6,OVC,100,,,,,16,0,15,2974,,,1,,,0,0,1,0,0,0
3,29,2017,2:20,KAFW,320,30,11,-2,,0,6,OVC,100,,,,,16,0,15,2974,,,1,,,0,0,1,0,0,0
3,29,2017,2:30,KAFW,320,0,11,0,G,16,8,FEW,55,OVC,100,,,16,0,15,2973,,,1,CB,,0,0,1,0,0,0
3,29,2017,0:10,KGKY,110,0,15,0,G,22,10,BKN,55,,,,,22,0,17,2965,,,0,,,0,0,0,0,0,0
3,29,2017,0:20,KGKY,110,0,15,0,,0,10,BKN,50,,,,,22,0,17,2964,,,0,,,0,0,0,0,0,0
3,29,2017,0:30,KGKY,120,10,14,-1,G,22,10,BKN,50,,,,,22,0,18,2964,,,0,,,0,0,0,0,0,0
3,29,2017,0:40,KGKY,140,20,12,-2,,0,10,FEW,28,FEW,43,BKN,50,22,0,18,2968,,,0,,,0,1,0,0,0,0
3,29,2017,0:50,KGKY,150,10,11,-1,,0,10,SCT,23,BKN,30,BKN,50,22,0,18,2969,,,0,,47,0,0,0,0,0,0
3,29,2017,1:00,KGKY,140,-10,12,1,,0,10,SCT,21,BKN,28,OVC,50,22,0,18,2968,,,0,,,0,0,0,0,0,0
3,29,2017,1:10,KGKY,150,10,12,0,G,21,10,SCT,20,BKN,28,OVC,50,22,0,18,2967,,,0,,,0,0,1,0,0,0
3,29,2017,1:20,KGKY,100,-50,13,1,G,22,10,FEW,20,BKN,38,OVC,50,22,0,18,2963,,,0,,,0,0,1,0,0,0
3,29,2017,0:10,KDAL,140,-10,15,0,,0,10,SCT,28,BKN,34,OVC,55,23,0,17,2968,,,0,,,0,0,0,0,0,0
3,29,2017,0:20,KDAL,140,0,15,0,G,23,10,SCT,28,BKN,36,OVC,55,23,0,17,2967,,,0,,,0,0,0,0,0,0
3,29,2017,0:30,KDAL,130,-10,18,3,G,24,10,SCT,28,BKN,36,OVC,55,23,0,17,2966,,,0,,,0,0,0,0,0,0
3,29,2017,0:40,KDAL,130,0,16,-2,G,25,10,FEW,28,,,,,22,-1,18,2965,,,0,,,0,0,0,0,0,0
3,29,2017,0:50,KDAL,150,20,15,-1,,0,10,FEW,30,SCT,55,BKN,250,22,0,18,2966,,,0,CB,38,0,0,0,0,0,0
3,29,2017,1:00,KDAL,180,30,12,-3,G,21,10,FEW,27,SCT,33,BKN,55,23,1,18,2971,,,0,,,0,1,0,0,0,0
3,29,2017,1:10,KDAL,170,-10,13,1,G,19,10,BKN,26,BKN,33,BKN,55,23,0,18,2969,,,0,CB,,0,0,0,0,0,0
3,29,2017,1:20,KDAL,150,-20,13,0,,0,9,SCT,26,BKN,30,OVC,46,23,0,18,2969,,,0,CB,,0,0,0,0,0,0
3,29,2017,1:30,KDAL,150,0,16,3,,0,10,BKN,26,BKN,35,OVC,46,22,-1,18,2968,,,0,CB,,0,0,1,0,0,0
3,29,2017,1:40,KDAL,160,10,11,-5,G,19,10,BKN,26,BKN,35,OVC,46,22,0,18,2969,,,1,CB,,0,0,1,0,0,0
3,29,2017,1:50,KDAL,290,130,22,11,SQ,46,1.5,SCT,24,BKN,34,OVC,50,17,-5,13,2975,250,46,1,CB,68,0,0,1,0,1,0
3,29,2017,2:00,KDAL,300,10,17,-5,G,35,3,FEW,24,BKN,34,OVC,50,16,-1,14,2976,300,35,1,CB,,0,0,1,0,1,0
3,29,2017,2:10,KDAL,300,0,11,-6,G,22,5,SCT,24,BKN,46,OVC,90,16,0,14,2975,300,35,1,CB,,0,0,1,0,1,0
3,29,2017,2:20,KDAL,300,0,9,-2,,0,5,SCT,24,BKN,46,OVC,90,16,0,14,2975,300,35,1,CB,,0,0,1,0,1,0
3,29,2017,2:30,KDAL,290,-10,9,0,,0,7,FEW,24,SCT,46,OVC,90,17,1,14,2975,300,35,1,CB,,0,0,1,0,1,0
3,29,2017,0:10,KRBD,120,-10,10,1,,0,10,BKN,25,BKN,39,,,22,0,18,2967,,,0,,,0,0,0,0,0,0
3,29,2017,0:20,KRBD,130,10,13,3,G,19,10,BKN,25,BKN,29,OVC,55,22,0,18,2966,,,0,,,0,0,0,0,0,0
3,29,2017,0:30,KRBD,120,-10,14,1,,0,10,SCT,25,BKN,40,BKN,55,21,-1,18,2965,,,0,,,0,0,0,0,0,0
3,29,2017,0:40,KRBD,130,10,13,-1,,0,10,SCT,25,SCT,43,BKN,50,22,1,18,2964,,,0,,,0,0,0,0,0,0
3,29,2017,0:50,KRBD,140,10,12,-1,,0,10,FEW,25,SCT,41,OVC,50,22,0,18,2966,,,0,,37,0,0,0,0,0,0
3,29,2017,1:00,KRBD,180,40,6,-6,G,16,10,BKN,25,BKN,42,OVC,50,22,0,18,2970,,,0,,,0,0,0,0,0,0
3,29,2017,1:10,KRBD,170,-10,7,1,,0,10,BKN,23,BKN,27,OVC,50,22,0,18,2970,,,0,,,0,0,0,0,0,0
3,29,2017,1:20,KRBD,150,-20,9,2,G,18,7,BKN,23,BKN,30,OVC,50,22,0,19,2969,,,0,,,0,0,1,0,0,0
3,29,2017,1:30,KRBD,150,0,14,5,G,22,9,SCT,23,BKN,42,OVC,55,21,0,19,2968,,,0,,,0,0,1,0,0,0
3,29,2017,1:40,KRBD,240,90,19,5,G,43,0.75,FEW,10,BKN,29,OVC,55,16,-5,14,2974,240,43,1,,,0,0,1,0,1,0
3,29,2017,1:50,KRBD,280,40,24,5,G,30,1.5,FEW,16,OVC,38,,,15,-1,14,2975,240,43,1,,69,0,0,1,0,1,0
3,29,2017,2:00,KRBD,290,10,13,-11,G,30,5,FEW,20,BKN,38,OVC,90,15,0,14,2975,,,1,,,0,0,1,0,1,0
3,29,2017,2:10,KRBD,290,0,16,3,G,21,7,FEW,45,BKN,90,OVC,110,16,1,14,2974,,,1,,,0,0,1,0,1,0
3,29,2017,2:20,KRBD,290,0,14,-2,G,18,10,FEW,70,BKN,90,OVC,110,16,0,14,2975,,,1,,,0,0,1,0,1,0
3,29,2017,2:30,KRBD,280,-10,11,-3,G,20,9,BKN,95,OVC,110,,,16,0,15,2975,,,1,,,0,0,1,0,1,0
3,29,2017,0:10,KDFW,140,0,17,0,G,22,10,FEW,26,SCT,39,BKN,55,23,0,18,2965,,,0,,,0,0,0,0,0,0
3,29,2017,0:20,KDFW,140,0,16,-1,,0,10,FEW,25,SCT,41,BKN,55,23,0,18,2964,,,0,,,0,0,0,0,0,0
3,29,2017,0:30,KDFW,130,-10,15,-1,,0,10,FEW,25,SCT,40,BKN,55,23,0,18,2964,,,0,,,0,0,0,0,0,0
3,29,2017,0:40,KDFW,140,10,12,-3,G,22,10,FEW,24,BKN,55,,,23,0,18,2965,,,0,,,0,0,0,0,0,0
3,29,2017,0:50,KDFW,160,20,14,2,,0,10,FEW,25,BKN,50,BKN,280,23,0,18,2968,,,0,,43,0,1,0,0,0,0
3,29,2017,1:00,KDFW,150,-10,13,-1,,0,10,SCT,25,SCT,36,OVC,50,23,0,18,2967,,,0,,,0,0,0,0,0,1
3,29,2017,1:10,KDFW,150,0,13,0,G,21,10,SCT,25,BKN,36,OVC,47,23,0,18,2966,,,0,,,1,0,0,0,0,1
3,29,2017,1:20,KDFW,150,0,12,-1,G,20,10,SCT,25,BKN,40,OVC,70,23,0,18,2966,,,0,,,0,0,0,0,0,1
3,29,2017,1:30,KDFW,190,40,10,-2,G,19,10,FEW,26,BKN,43,OVC,50,23,0,18,2970,,,1,,,0,1,0,0,0,1
3,29,2017,1:40,KDFW,270,80,16,6,G,36,2,FEW,24,BKN,43,OVC,60,17,-6,14,2977,260,36,1,CB,,0,1,1,0,1,1
3,29,2017,1:50,KDFW,290,20,17,1,G,27,1,SCT,16,BKN,24,OVC,43,16,-1,14,2974,260,36,1,CB,,0,0,1,0,1,0
3,29,2017,2:00,KDFW,290,0,16,-1,G,22,4,FEW,22,BKN,37,OVC,80,17,1,15,2972,,,1,CB,,0,0,1,0,0,0
3,29,2017,2:10,KDFW,290,0,18,2,G,25,7,FEW,22,BKN,37,OVC,80,17,0,15,2973,,,1,,,0,0,1,0,0,0
3,29,2017,2:20,KDFW,290,0,17,-1,G,25,7,FEW,28,BKN,90,OVC,110,17,0,15,2972,,,1,CB,,0,0,1,0,0,0
3,29,2017,2:30,KDFW,300,10,17,0,G,21,6,FEW,28,BKN,90,OVC,110,17,0,15,2973,,,1,CB,,0,0,1,0,0,0
3,29,2017,0:10,KFTW,120,-10,18,2,,0,10,FEW,27,,,,,23,0,17,2964,,,0,,,0,0,0,0,0,0
3,29,2017,0:20,KFTW,150,30,10,-8,,0,10,SCT,24,BKN,28,BKN,35,23,0,17,2967,,,0,,,0,1,0,0,0,0
3,29,2017,0:30,KFTW,160,10,11,1,,0,10,BKN,23,BKN,28,,,23,0,17,2969,,,0,,,0,1,0,0,0,0
3,29,2017,0:40,KFTW,150,-10,15,4,,0,10,BKN,23,OVC,29,,,23,0,17,2968,,,0,,,0,0,0,0,0,0
3,29,2017,0:50,KFTW,150,0,13,-2,G,20,10,BKN,21,BKN,27,OVC,47,23,0,17,2967,,,0,,,0,0,1,0,0,1
3,29,2017,1:00,KFTW,150,0,16,3,G,23,10,SCT,23,BKN,32,OVC,42,22,-1,17,2966,,,0,,,0,0,1,0,0,1
3,29,2017,1:10,KFTW,260,110,32,16,G,45,2,FEW,13,BKN,29,OVC,43,21,-1,17,2979,260,45,1,,,0,1,1,0,1,1
3,29,2017,1:20,KFTW,270,10,14,-18,G,35,0.5,BKN,9,BKN,24,OVC,32,16,-5,13,2975,260,45,1,,,0,0,1,0,1,1
3,29,2017,1:30,KFTW,280,10,22,8,G,29,1.5,FEW,22,OVC,27,,,16,0,14,2972,260,45,1,,,0,0,1,0,1,0
3,29,2017,1:40,KFTW,280,0,19,-3,G,30,7,BKN,31,OVC,100,,,16,0,14,2974,260,45,1,,,0,0,1,0,1,0
3,29,2017,1:50,KFTW,290,10,18,-1,,0,10,SCT,40,OVC,100,,,16,0,14,2973,260,45,1,,61,0,0,1,0,1,0
3,29,2017,2:00,KFTW,290,0,9,-9,G,19,6,FEW,50,OVC,100,,,16,0,14,2975,,,1,,,0,0,1,0,0,0
3,29,2017,2:10,KFTW,300,10,11,2,G,18,6,OVC,100,,,,,16,0,14,2975,,,1,,,0,0,1,0,0,0
3,29,2017,2:20,KFTW,290,-10,10,-1,G,18,7,OVC,100,,,,,16,0,14,2974,,,1,,,0,0,1,0,0,0
3,29,2017,2:30,KFTW,320,30,12,2,G,21,10,BKN,100,OVC,120,,,17,1,14,2973,,,1,,,0,0,1,0,0,0
5,29,2019,11:20,KDTO,130,40,4,0,,0,10,SCT,27,BKN,110,,,25,0,13,2973,,,0,,,0,0,1,0,0,0
5,29,2019,11:30,KDTO,120,-10,6,2,,0,10,SCT,25,BKN,31,OVC,110,25,0,22,2972,,,0,,,0,0,1,0,0,0
5,29,2019,11:40,KDTO,110,-10,7,1,,0,10,SCT,25,BKN,35,OVC,100,25,0,22,2972,,,0,,,0,0,1,0,0,0
5,29,2019,11:50,KDTO,110,0,10,3,,0,10,FEW,25,BKN,50,OVC,90,25,0,22,2970,,,0,,,1,0,1,0,0,0
5,29,2019,12:00,KDTO,90,-20,8,-2,,0,10,FEW,23,BKN,75,OVC,90,25,0,22,2969,,,0,,,0,0,1,0,0,0
5,29,2019,12:10,KDTO,70,-20,7,-1,,0,10,FEW,55,FEW,70,BKN,90,25,0,22,2972,,,1,,,0,1,1,0,0,1
5,29,2019,12:20,KDTO,100,30,6,-1,,0,3,SCT,46,BKN,60,BKN,80,25,0,22,2973,,,1,,,0,0,1,0,0,1
5,29,2019,12:30,KDTO,300,-160,9,3,G,15,1.5,FEW,11,BKN,38,OVC,100,23,-2,22,2974,,,1,,,0,0,1,0,0,1
5,29,2019,12:40,KDTO,260,-40,10,1,G,18,0.5,FEW,17,BKN,26,OVC,60,22,-1,20,2976,,,1,,,0,0,1,0,0,0
5,29,2019,12:50,KDTO,280,20,7,-3,,0,2,FEW,18,BKN,36,OVC,50,21,-1,20,2975,,,1,,,0,0,1,0,0,0
5,29,2019,13:00,KDTO,260,-20,3,-4,,0,0.75,SCT,22,OVC,32,,,21,0,20,2975,,,1,,,0,0,1,0,0,0
5,29,2019,13:10,KDTO,350,90,7,4,,0,0.75,SCT,27,BKN,40,OVC,110,21,0,20,2974,,,1,,,0,0,1,0,0,0
5,29,2019,13:20,KDTO,10,20,8,1,,0,9,FEW,9,BKN,35,OVC,95,21,0,19,2974,,,1,,,0,0,1,0,0,0
5,29,2019,13:30,KDTO,10,0,11,3,,0,10,FEW,10,BKN,42,OVC,110,21,0,19,2972,,,1,,,0,0,1,0,0,0
5,29,2019,11:20,KTKI,330,10,4,0,,0,7,SCT,11,BKN,26,OVC,45,23,0,21,2978,,,0,,,0,0,1,0,0,0
5,29,2019,11:30,KTKI,360,30,7,3,,0,7,FEW,11,BKN,24,OVC,44,23,0,21,2976,,,0,,,1,0,1,0,0,0
5,29,2019,11:40,KTKI,360,0,4,-3,,0,7,BKN,24,OVC,33,,,23,0,21,2975,,,0,,,1,0,1,0,0,0
5,29,2019,11:50,KTKI,280,-80,4,0,,0,10,BKN,24,BKN,31,OVC,47,23,0,22,2975,,,1,,,0,0,1,0,0,0
5,29,2019,12:00,KTKI,330,50,4,0,,0,9,SCT,24,BKN,31,OVC,44,23,0,22,2973,,,1,,,0,0,1,0,0,0
5,29,2019,12:20,KTKI,90,120,3,-1,,0,10,SCT,24,BKN,31,OVC,47,22,-1,22,2971,,,1,,,0,0,1,0,0,0
5,29,2019,12:30,KTKI,10,-80,4,1,,0,10,BKN,45,,,,,23,1,22,2974,,,1,,,0,0,1,0,0,0
5,29,2019,12:40,KTKI,30,20,5,1,,0,10,BKN,45,,,,,23,0,22,2974,,,1,,,0,0,1,0,0,0
5,29,2019,12:50,KTKI,50,20,5,0,,0,10,BKN,45,,,,,23,0,22,2972,,,1,,62,0,0,1,0,0,0
5,29,2019,13:00,KTKI,30,-20,3,-2,,0,8,BKN,45,,,,,23,0,22,2973,,,0,,,0,0,0,0,0,0
5,29,2019,13:10,KTKI,330,-60,7,4,,0,9,FEW,33,BKN,70,OVC,100,23,0,22,2972,,,0,,,0,0,0,0,0,0
5,29,2019,13:20,KTKI,350,20,6,-1,,0,7,SCT,37,BKN,70,OVC,100,22,-1,22,2971,,,1,,,0,0,1,0,0,0
5,29,2019,13:30,KTKI,120,130,3,-3,,0,1.75,SCT,21,BKN,36,OVC,100,22,0,22,2972,,,1,,,0,0,1,0,0,0
5,29,2019,11:20,KAFW,140,10,10,0,,0,7,FEW,27,BKN,33,BKN,75,27,1,22,2971,,,1,CB,,0,0,1,0,0,0
5,29,2019,11:30,KAFW,130,-10,13,3,,0,7,FEW,27,BKN,33,BKN,70,27,0,22,2970,,,1,CB,,0,0,1,0,0,0
5,29,2019,11:40,KAFW,140,10,17,4,G,26,7,FEW,27,BKN,33,BKN,70,27,0,22,2968,140,26,1,CB,,1,0,1,0,0,0
5,29,2019,11:50,KAFW,140,0,20,3,G,26,8,FEW,27,BKN,33,BKN,70,27,0,22,2966,140,26,1,CB,30,1,0,1,0,0,0
5,29,2019,12:00,KAFW,150,10,15,-5,G,26,8,FEW,60,SCT,100,,,27,0,21,2967,,,1,,,0,0,1,0,0,1
5,29,2019,12:10,KAFW,200,50,10,-5,,0,4,SCT,20,BKN,34,OVC,100,27,0,22,2972,,,1,CB,,0,1,1,0,0,1
5,29,2019,12:20,KAFW,260,60,7,-3,,0,2,SCT,25,BKN,38,OVC,95,26,-1,22,2973,,,1,CB,,0,1,1,0,0,1
5,29,2019,12:30,KAFW,320,60,10,3,G,20,0.25,FEW,8,BKN,25,OVC,38,23,-3,21,2970,,,1,CB,,0,0,1,0,0,1
5,29,2019,12:40,KAFW,300,-20,18,8,G,35,0.25,SCT,8,BKN,14,OVC,30,22,-1,19,2971,300,35,1,CB,,0,0,1,0,0,1
5,29,2019,12:50,KAFW,340,40,13,-5,G,30,0.25,BKN,12,BKN,26,OVC,37,21,-1,19,2969,300,35,1,CB,44,0,0,1,0,0,0
5,29,2019,13:00,KAFW,320,-20,13,0,G,20,0.75,BKN,12,BKN,37,OVC,55,21,0,19,2971,,,1,CB,,0,0,1,0,0,0
5,29,2019,13:10,KAFW,310,-10,7,-6,,0,4,SCT,12,BKN,40,OVC,65,21,0,19,2972,,,1,CB,,0,0,1,0,0,0
5,29,2019,13:20,KAFW,340,30,8,1,,0,4,SCT,12,BKN,40,OVC,65,21,0,19,2972,,,1,CB,,0,0,1,0,0,0
5,29,2019,13:30,KAFW,360,20,7,-1,,0,7,SCT,12,BKN,40,OVC,65,21,0,19,2971,,,1,CB,,0,0,1,0,0,0
5,29,2019,11:20,KGKY,140,-30,12,4,,0,6,SCT,33,BKN,75,OVC,90,25,1,22,2972,,,1,,,1,0,1,0,0,0
5,29,2019,11:30,KGKY,150,10,11,-1,,0,10,FEW,19,BKN,75,BKN,90,27,2,24,2971,,,1,,,0,0,1,0,0,0
5,29,2019,11:40,KGKY,150,0,9,-2,,0,10,FEW,21,FEW,75,SCT,85,27,0,24,2971,,,1,,,0,0,1,0,0,0
5,29,2019,11:50,KGKY,150,0,7,-2,,0,10,FEW,16,FEW,33,SCT,95,28,1,24,2971,,,1,,50,0,0,1,0,0,0
5,29,2019,12:00,KGKY,150,0,9,2,,0,10,FEW,28,FEW,36,SCT,95,28,0,24,2969,,,0,,,1,0,0,0,0,0
5,29,2019,12:10,KGKY,160,10,21,12,G,27,10,FEW,30,FEW,37,BKN,95,29,1,23,2968,150,27,0,,,0,0,0,0,0,0
5,29,2019,12:20,KGKY,160,10,15,-6,G,28,10,FEW,34,SCT,90,BKN,110,28,-1,22,2970,150,28,0,,,0,0,0,0,0,0
5,29,2019,12:30,KGKY,160,0,13,-2,G,18,10,FEW,34,FEW,90,SCT,110,28,0,22,2970,150,28,0,,,0,0,0,0,0,0
5,29,2019,12:40,KGKY,170,10,12,-1,,0,10,FEW,85,FEW,110,,,28,0,22,2969,150,28,0,,,0,0,0,0,0,0
5,29,2019,12:50,KGKY,160,-10,12,0,G,20,10,CLR,,,,,,28,0,22,2968,150,28,0,,39,0,0,0,0,0,0
5,29,2019,13:00,KGKY,160,0,13,1,G,22,10,FEW,90,SCT,220,,,28,0,21,2969,,,0,,,0,0,0,0,0,0
5,29,2019,13:10,KGKY,160,0,13,0,G,22,10,SCT,75,BKN,100,BKN,120,28,0,21,2968,,,0,,,0,0,0,0,0,0
5,29,2019,13:20,KGKY,220,60,15,2,G,27,10,FEW,42,BKN,80,BKN,100,28,0,21,2970,230,27,1,,,0,0,0,0,0,0
5,29,2019,13:30,KGKY,290,70,15,0,G,27,10,SCT,30,BKN,39,OVC,100,24,-4,21,2972,270,27,1,,,0,1,0,0,1,0
5,29,2019,11:20,KDAL,180,-50,11,8,G,16,8,BKN,26,BKN,35,BKN,47,29,1,22,2973,,,1,,,0,0,1,0,0,0
5,29,2019,11:30,KDAL,170,-10,14,3,G,19,8,BKN,26,BKN,35,BKN,47,29,0,22,2971,,,1,,,1,0,1,0,0,0
5,29,2019,11:40,KDAL,150,-20,14,0,G,23,8,BKN,26,BKN,35,BKN,47,29,0,22,2972,,,1,,,0,0,1,0,0,0
5,29,2019,11:50,KDAL,160,10,15,1,G,20,8,BKN,26,BKN,35,BKN,47,30,1,22,2971,,,1,CB,53,0,0,1,0,0,0
5,29,2019,12:00,KDAL,150,-10,15,0,G,20,8,SCT,26,BKN,50,BKN,130,30,0,23,2969,,,1,CB,,1,0,0,0,0,0
5,29,2019,12:10,KDAL,150,0,18,3,G,23,10,FEW,27,SCT,45,SCT,70,30,0,22,2969,,,1,CB,,0,0,0,0,0,0
5,29,2019,12:20,KDAL,170,20,12,-6,,0,10,FEW,27,SCT,45,SCT,70,29,-1,22,2970,,,1,CB,,0,0,0,0,0,0
5,29,2019,12:30,KDAL,170,0,11,-1,,0,10,SCT,27,BKN,75,BKN,190,29,0,22,2972,,,1,CB,,0,1,0,0,0,0
5,29,2019,12:40,KDAL,170,0,9,-2,,0,10,SCT,27,BKN,75,BKN,95,29,0,22,2970,,,1,CB,,0,0,0,0,0,0
5,29,2019,12:50,KDAL,180,10,11,2,G,19,10,SCT,27,SCT,39,BKN,70,29,0,21,2969,,,1,CB,47,0,0,0,0,0,0
5,29,2019,13:00,KDAL,150,-30,14,3,G,18,10,SCT,27,SCT,39,BKN,70,29,0,22,2970,,,1,CB,,0,0,0,0,0,0
5,29,2019,13:10,KDAL,150,0,8,-6,,0,10,SCT,27,SCT,39,BKN,70,28,-1,22,2970,,,1,CB,,0,0,0,0,0,0
5,29,2019,13:20,KDAL,150,0,8,0,,0,9,SCT,27,SCT,39,BKN,70,28,0,22,2970,,,1,CB,,0,0,1,0,0,0
5,29,2019,13:30,KDAL,150,0,8,0,,0,10,SCT,27,SCT,45,BKN,80,28,0,23,2971,,,1,CB,,0,0,1,0,0,0
5,29,2019,11:20,KRBD,160,-10,12,-3,G,21,8,FEW,29,BKN,35,BKN,46,28,0,23,2973,,,0,,,0,0,1,0,0,0
5,29,2019,11:30,KRBD,160,0,11,-1,G,19,10,BKN,25,BKN,33,OVC,46,27,-1,23,2972,,,0,,,0,0,1,0,0,0
5,29,2019,11:40,KRBD,160,0,18,7,G,24,10,SCT,25,BKN,35,BKN,48,29,2,23,2971,,,0,,,1,0,1,0,0,0
5,29,2019,11:50,KRBD,170,10,18,0,G,28,10,SCT,25,SCT,32,,,29,0,22,2971,160,28,0,,50,0,0,1,0,0,0
5,29,2019,12:00,KRBD,160,-10,16,-2,G,22,10,FEW,22,FEW,32,SCT,65,29,0,22,2970,,,0,,,0,0,0,0,0,0
5,29,2019,12:10,KRBD,170,10,17,1,G,22,10,FEW,33,BKN,70,,,29,0,22,2969,,,0,,,0,0,0,0,0,0
5,29,2019,12:20,KRBD,180,10,12,-5,G,24,10,BKN,70,,,,,29,0,22,2969,,,0,,,0,0,0,0,0,0
5,29,2019,12:30,KRBD,190,10,17,5,G,24,10,BKN,70,BKN,100,,,29,0,22,2971,,,0,,,0,0,0,0,0,0
5,29,2019,12:40,KRBD,150,-40,15,-2,G,21,10,SCT,70,BKN,95,,,28,-1,22,2970,,,0,,,0,0,0,0,0,0
5,29,2019,12:50,KRBD,150,0,12,-3,,0,10,SCT,100,,,,,27,-1,22,2970,,,0,,48,0,0,1,0,0,0
5,29,2019,13:00,KRBD,160,10,13,1,,0,10,FEW,36,SCT,90,BKN,110,27,0,22,2969,,,0,,,0,0,0,0,0,0
5,29,2019,13:10,KRBD,150,-10,7,-6,,0,10,FEW,38,FEW,49,SCT,110,26,-1,22,2970,,,0,,,0,0,0,0,0,0
5,29,2019,13:20,KRBD,150,0,7,0,,0,10,FEW,35,FEW,49,FEW,110,27,1,22,2971,,,0,,,0,0,0,0,0,0
5,29,2019,13:30,KRBD,90,-60,5,-2,,0,10,FEW,55,SCT,70,SCT,110,27,0,22,2968,,,0,,,0,0,0,0,0,0
5,29,2019,11:20,KDFW,180,0,15,4,G,19,10,FEW,27,BKN,65,OVC,100,27,0,23,2972,,,0,CB,,1,0,1,0,0,0
5,29,2019,11:30,KDFW,180,0,12,-3,G,19,10,FEW,24,BKN,65,OVC,80,27,0,23,2971,,,0,CB,,1,0,1,0,0,0
5,29,2019,11:40,KDFW,170,-10,9,-3,G,18,10,FEW,23,SCT,65,OVC,80,27,0,21,2971,,,0,CB,,0,0,1,0,0,0
5,29,2019,11:50,KDFW,150,-20,8,-1,,0,10,BKN,80,BKN,100,,,27,0,22,2969,,,0,CB,44,0,0,1,0,0,0
5,29,2019,12:00,KDFW,160,10,8,0,,0,10,BKN,85,BKN,100,,,27,0,22,2969,,,0,,,0,0,0,0,0,0
5,29,2019,12:10,KDFW,170,10,7,-1,,0,10,SCT,90,SCT,110,,,27,0,22,2968,,,0,,,0,0,0,0,0,0
5,29,2019,12:20,KDFW,160,-10,8,1,,0,10,FEW,15,FEW,30,SCT,90,27,0,23,2969,,,1,CB,,0,0,1,0,0,1
5,29,2019,12:30,KDFW,160,0,10,2,,0,10,FEW,100,BKN,110,,,27,0,23,2968,,,1,TCU,,0,0,1,0,0,1
5,29,2019,12:40,KDFW,170,10,12,2,,0,10,BKN,110,,,,,27,0,22,2968,,,1,TCU,,0,0,1,0,0,1
5,29,2019,12:50,KDFW,180,10,10,-2,,0,10,FEW,10,SCT,30,SCT,30,27,0,22,2969,,,1,CB,45,0,0,1,0,0,0
5,29,2019,13:00,KDFW,170,-10,9,-1,,0,10,SCT,100,,,,,27,0,22,2969,,,1,,,0,0,0,0,0,0
5,29,2019,13:10,KDFW,280,110,19,10,G,24,10,FEW,5,SCT,15,SCT,30,27,0,21,2972,,,1,CB,,0,1,1,0,0,0
5,29,2019,13:20,KDFW,260,-20,9,-10,G,24,10,FEW,5,SCT,15,BKN,30,23,-4,21,2971,,,1,CB,,0,0,1,0,0,0
5,29,2019,13:30,KDFW,260,0,16,5,G,25,0.25,SCT,21,BKN,38,OVC,100,23,0,21,2973,250,26,1,,,0,0,1,0,0,0
5,29,2019,11:20,KFTW,130,-20,20,5,G,26,10,SCT,25,SCT,29,BKN,36,29,0,22,2969,140,26,0,,,0,0,0,0,0,0
5,29,2019,11:30,KFTW,140,10,16,-4,,0,10,FEW,25,BKN,36,BKN,46,29,0,23,2968,140,26,0,,,0,0,0,0,0,0
5,29,2019,11:40,KFTW,140,0,15,-1,G,25,10,SCT,25,SCT,31,BKN,40,28,-1,22,2967,140,26,0,,,0,0,0,0,0,0
5,29,2019,11:50,KFTW,150,10,13,-2,G,21,10,SCT,25,BKN,30,,,27,-1,22,2969,140,26,0,,,0,0,0,0,0,0
5,29,2019,12:00,KFTW,160,10,13,0,G,22,10,SCT,25,SCT,30,BKN,85,27,0,22,2966,,,0,,,0,0,0,0,0,1
5,29,2019,12:10,KFTW,140,-20,13,0,G,22,10,SCT,27,SCT,36,BKN,90,27,0,22,2969,,,1,,,0,0,0,0,0,1
5,29,2019,12:20,KFTW,140,0,14,1,G,23,10,FEW,29,BKN,80,OVC,100,27,0,22,2967,,,1,,,0,0,1,0,0,1
5,29,2019,12:30,KFTW,280,140,11,-3,G,25,5,FEW,17,BKN,48,OVC,80,23,-4,21,2970,,,1,,,0,0,1,0,1,1
5,29,2019,12:40,KFTW,240,-40,9,-2,G,19,0.5,BKN,6,BKN,24,OVC,80,22,-1,21,2971,,,1,,,0,0,1,0,1,1
5,29,2019,12:50,KFTW,320,80,19,10,G,27,0.5,BKN,6,BKN,18,OVC,27,21,-1,20,2972,320,27,1,,55,0,0,1,0,1,0
5,29,2019,13:00,KFTW,320,0,17,-2,G,24,0.25,FEW,4,BKN,10,OVC,18,20,-1,20,2971,,,1,,,0,0,1,0,0,0
5,29,2019,13:10,KFTW,330,10,13,-4,G,21,4,FEW,4,BKN,19,OVC,60,20,0,19,2972,,,1,,,0,0,1,0,0,0
5,29,2019,13:20,KFTW,320,-10,12,-1,,0,6,BKN,25,BKN,43,OVC,75,20,0,19,2972,,,1,,,0,0,1,0,0,0
5,29,2019,13:30,KFTW,320,0,7,-5,,0,10,BKN,42,BKN,50,OVC,65,21,1,19,2972,,,1,,,0,0,1,0,0,0